url,url_length,hostname_length,num_dots,num_hyphens,num_underscores,num_digits,num_special_chars,num_subdomains,num_query_params,has_at_symbol,has_ip_address,has_https_token,has_double_slash_redirect,is_shortened,has_suspicious_word,has_suspicious_tld,label
http://chase-verify-l3z2.ud79zt.com/verify,42,28,2,2,0,4,0,1,0,0,0,0,0,1,1,0,1
http://stackoverflowconfirm.country/confirm.php,47,28,2,0,0,0,0,0,0,0,0,0,0,0,1,1,1
http://cpjze1xt.com/nptel/webscr?user=ar0ko&token=31nzsxpefj&redirect=31egom,76,12,1,0,0,6,0,0,5,0,0,0,0,1,1,0,1
https://shop.irctc.io/search?q=item,35,13,2,0,0,0,0,1,1,0,0,1,0,0,0,0,0
https://apple.org/home,22,9,1,0,0,0,0,0,0,0,0,1,0,0,0,0,0
https://spotify.org/user/profile,32,11,1,0,0,0,0,0,0,0,0,1,0,0,0,0,0
http://fttuk18c.com/linkedin/signin?user=7j0zn&token=ruhmezvsq3&redirect=heykuk,79,12,1,0,0,5,0,0,5,0,0,0,0,0,1,0,1
https://en.reddit.edu/about,27,13,2,0,0,0,0,1,0,0,0,1,0,0,0,0,1
http://qxbv0deo.com/github/webscr?user=egezq&token=0x717hw0bu&redirect=pmtxq5,77,12,1,0,0,7,0,0,5,0,0,0,0,0,1,0,1
https://shop.github.io/user/profile,35,14,2,0,0,0,0,1,0,0,0,1,0,0,0,0,0
http://avmnkw7w.com/nptel/account?user=vy9rm&token=jr211pv58y&redirect=9n81dj,77,12,1,0,0,10,0,0,5,0,0,0,0,0,1,0,1
https://en.nptel.com/search?q=item,34,12,2,0,0,0,0,1,1,0,0,1,0,0,0,0,0
http://coursera.com@qviexgob.gq/account,39,11,2,0,0,0,0,0,0,1,0,0,0,0,1,1,1
https://en.wikipedia.org/docs,29,16,2,0,0,0,0,1,0,0,0,1,0,0,0,0,0
http://irctc-update-q0iq.zhecbu.com/update,42,28,2,2,0,1,0,1,0,0,0,0,0,0,1,0,1
https://irctc.edu/about,23,9,1,0,0,0,0,0,0,0,0,1,0,0,0,0,0
https://en.amazon.io/docs,25,12,2,0,0,0,0,1,0,0,0,1,0,0,0,0,1
http://github.com@ruu5e51h.tk/update,36,11,2,0,0,3,0,0,0,1,0,0,0,0,1,1,1
http://s74nddaf.com/microsoft/account?user=s1iym&token=90pkr1ifsi&redirect=159i3h,81,12,1,0,0,10,0,0,5,0,0,0,0,0,1,0,1
http://167.74.116.8/linkedin-signin/q8y1he,42,12,3,1,0,11,0,2,0,0,1,0,0,0,1,0,1
http://tj669rea.com/microsoft/confirm?user=3y0xa&token=obk02lvumh&redirect=f5ox05,81,12,1,0,0,10,0,0,5,0,0,0,0,0,1,0,1
https://coursera.edu,20,12,1,0,0,0,0,0,0,0,0,1,0,0,0,0,0
http://linkedin-update-pd3b.gnpyhr.com/update,45,31,2,2,0,1,0,1,0,0,0,0,0,0,1,0,1
http://jedgfjdl.com/google/account?user=ogwla&token=cololn3eh1&redirect=vr1nec,78,12,1,0,0,3,0,0,5,0,0,0,0,0,1,0,1
https://www.chase.com,21,13,2,0,0,0,0,1,0,0,0,1,0,0,0,0,0
https://shop.leetcode.edu/products,34,17,2,0,0,0,0,1,0,0,0,1,0,0,0,0,0
https://github.org,18,10,1,0,0,0,0,0,0,0,0,1,0,0,0,0,0
https://en.github.io/home,25,12,2,0,0,0,0,1,0,0,0,1,0,0,0,0,0
https://en.github.net/,22,13,2,0,0,0,0,1,0,0,0,1,0,0,0,0,0
http://reddit-update-ib4t.ctdsdj.com/update,43,29,2,2,0,1,0,1,0,0,0,0,0,0,1,0,1
http://leetcode.com@87jh4z8d.tk/signin,38,11,2,0,0,4,0,0,0,1,0,0,0,0,1,1,1
http://irctc-update-t60k.usfhvm.com/update,42,28,2,2,0,2,0,1,0,0,0,0,0,0,1,0,1
https://shop.netflix.edu/about,30,16,2,0,0,0,0,1,0,0,0,1,0,0,0,0,0
http://google-webscr-oe19.bp0l70.com/webscr,43,29,2,2,0,5,0,1,0,0,0,0,0,0,1,0,1
http://108.214.217.31/apple-secure/cwcdt9,41,14,3,1,0,12,0,2,0,0,1,0,0,0,1,0,1
https://microsoft.org,21,13,1,0,0,0,0,0,0,0,0,1,0,0,0,0,0
https://paypal.net,18,10,1,0,0,0,0,0,0,0,0,1,0,0,0,0,0
http://reddit-login-2zi5.sgwcr8.com/login,41,28,2,2,0,3,0,1,0,0,0,0,0,0,1,0,1
https://www.nptel.net/,22,13,2,0,0,0,0,1,0,0,0,1,0,0,0,0,1
http://156.180.168.107/apple-login/o3peoj,41,15,3,1,0,13,0,2,0,0,1,0,0,0,1,0,1
https://www.linkedin.edu,24,16,2,0,0,0,0,1,0,0,0,1,0,0,0,0,0
http://uk94iw54.com/apple/webscr?user=w487k&token=nufbhgp5cp&redirect=a16kj7,76,12,1,0,0,11,0,0,5,0,0,0,0,0,1,0,1
https://apple.io/home,21,8,1,0,0,0,0,0,0,0,0,1,0,0,0,0,0
http://3xrv8df2.com/github/verify?user=f5nk4&token=otbgdpuh4g&redirect=bgo8ut,77,12,1,0,0,7,0,0,5,0,0,0,0,0,1,0,1
https://en.reddit.com/user/profile,34,13,2,0,0,0,0,1,0,0,0,1,0,1,0,0,0
https://www.wikipedia.com,25,17,2,0,0,0,0,1,0,0,0,1,0,0,0,0,0
http://152.138.49.217/google-confirm/np127e,43,14,3,1,0,14,0,2,0,0,1,0,0,0,1,0,1
https://shop.reddit.org/search?q=item,37,15,2,0,0,0,0,1,1,0,0,1,0,0,0,0,0
http://google.com@nuz2kga9.cricket/login,40,16,2,0,0,2,0,0,0,1,0,0,0,0,1,1,1
http://irctc.com@easfen0b.science/webscr,40,16,2,0,0,1,0,0,0,1,0,0,0,0,1,1,1
http://flipkart-confirm-g0at.cbrlqm.com/confirm,47,32,2,2,0,1,0,1,0,0,0,0,0,0,1,0,1
https://spotify.edu/user/profile,32,11,1,0,0,0,0,0,0,0,0,1,0,0,0,0,1
http://pabsm2ot.com/apple/confirm?user=eymom&token=lf65j1vrkf&redirect=4ht69a,77,12,1,0,0,7,0,0,5,0,0,0,0,1,1,0,1
http://wikipedia-secure-wrt9.dyfngp.com/secure,46,32,2,2,0,1,0,1,0,0,0,0,0,0,1,0,1
https://www.google.org/about,28,14,2,0,0,0,0,1,0,0,0,1,0,0,0,0,1
http://coursera-secure-a4fe.gyyj5n.com/secure,45,31,2,2,0,2,0,1,0,0,0,0,0,0,1,0,1
https://microsoft.net/,22,13,1,0,0,0,0,0,0,0,0,1,0,0,0,0,0
http://apple-confirm-9nzh.qhzedc.com/confirm,44,29,2,2,0,1,0,1,0,0,0,0,0,0,1,0,1
http://flipkart-login-ousx.9dxznk.com/login,43,30,2,2,0,1,0,1,0,0,0,0,0,0,1,0,1
http://paypal-verify-izhw.0vqpvt.com/verify,43,29,2,2,0,1,0,1,0,0,0,0,0,1,1,0,1
http://236.193.157.195/amazon-verify/s1loqs,43,15,3,1,0,13,0,2,0,0,1,0,0,0,1,0,1
https://irctc.org/search?q=item,31,9,1,0,0,0,0,0,1,0,0,1,0,0,0,0,0
http://applesignin.cricket/signin.php,37,19,2,0,0,0,0,0,0,0,0,0,0,0,1,1,1
https://en.reddit.edu/search?q=item,35,13,2,0,0,0,0,1,1,0,0,1,0,0,0,0,0
http://3m0xo3fe.com/irctc/verify?user=syaxy&token=pbp0e36s2z&redirect=48egp1,76,12,1,0,0,10,0,0,5,0,0,0,0,0,1,0,1
https://shop.chase.in/home,26,13,2,0,0,0,0,1,0,0,0,1,0,0,0,0,0
http://googlewebscr.cricket/webscr.php,38,20,2,0,0,0,0,0,0,0,0,0,0,0,1,1,1
http://57.120.235.252/linkedin-webscr/fyey3m,44,14,3,1,0,12,0,2,0,0,1,0,0,0,1,0,1
https://shop.leetcode.edu/docs,30,17,2,0,0,0,0,1,0,0,0,1,0,0,0,0,0
https://www.amazon.com/home,27,14,2,0,0,0,0,1,0,0,0,1,0,0,0,0,0
http://122.62.246.88/linkedin-update/33sicv,43,13,3,1,0,12,0,2,0,0,1,0,0,0,1,0,1
https://www.microsoft.edu/home,30,17,2,0,0,0,0,1,0,0,0,1,0,0,0,0,0
http://jztrhxjn.com/chase/signin?user=j0kx6&token=9xp7sx5s2u&redirect=4x7x8w,76,12,1,0,0,9,0,0,5,0,0,0,0,0,1,0,1
https://www.paypal.edu/products,31,14,2,0,0,0,0,1,0,0,0,1,0,0,0,0,0
https://shop.paypal.org/products,32,15,2,0,0,0,0,1,0,0,0,1,0,0,0,0,0
http://l25s8t6a.com/wikipedia/webscr?user=idizs&token=3j0evzymkx&redirect=9khh83,80,12,1,0,0,9,0,0,5,0,0,0,0,0,1,0,1
https://linkedin.edu/home,25,12,1,0,0,0,0,0,0,0,0,1,0,0,0,0,1
https://en.amazon.net/user/profile,34,13,2,0,0,0,0,1,0,0,0,1,0,0,0,0,0
https://shop.irctc.in/products,30,13,2,0,0,0,0,1,0,0,0,1,0,0,0,0,0
https://leetcode.in/about,25,11,1,0,0,0,0,0,0,0,0,1,0,0,0,0,0
http://coursera.com@blupph3n.science/webscr,43,16,2,0,0,1,0,0,0,1,0,0,0,0,1,1,1
https://shop.flipkart.io/home,29,16,2,0,0,0,0,1,0,0,0,1,0,0,0,0,0
http://111.71.73.255/stackoverflow-login/bqy3ot,47,13,3,1,0,11,0,2,0,0,1,0,0,0,1,0,1
http://2luhhs4d.com/google/account?user=ilrzq&token=8bxy6rkvnd&redirect=xjn7de,78,12,1,0,0,5,0,0,5,0,0,0,0,0,1,0,1
http://coursera-webscr-foia.l5u8rz.com/webscr,45,31,2,2,0,2,0,1,0,0,0,0,0,0,1,0,1
https://en.linkedin.net/,24,15,2,0,0,0,0,1,0,0,0,1,0,0,0,0,1
http://184.21.100.83/spotify-update/wg3zrz,42,13,3,1,0,11,0,2,0,0,1,0,0,0,1,0,1
http://233.206.123.77/coursera-signin/fe64sk,44,14,3,1,0,13,0,2,0,0,1,0,0,0,1,0,0
https://www.irctc.in/,21,12,2,0,0,0,0,1,0,0,0,1,0,0,0,0,0
https://shop.chase.io/user/profile,34,13,2,0,0,0,0,1,0,0,0,1,0,0,0,0,0
http://reddit.com@vn28hr6c.science/update,41,16,2,0,0,3,0,0,0,1,0,0,0,0,1,1,1
https://www.leetcode.net/home,29,16,2,0,0,0,0,1,0,0,0,1,0,0,0,0,0
http://kvl9ptk4.com/leetcode/verify?user=gc4ry&token=g9rdpxdfov&redirect=d79c9m,79,12,1,0,0,7,0,0,5,0,0,0,0,0,1,0,1
http://m4be52s8.com/flipkart/login?user=u8zf0&token=p7kb7iyno6&redirect=67vgp5,78,12,1,0,0,12,0,0,5,0,0,0,0,0,1,0,1
https://paypal.edu/home,23,10,1,0,0,0,0,0,0,0,0,1,0,0,0,0,0
https://shop.apple.io/home,26,13,2,0,0,0,0,1,0,0,0,1,0,0,0,0,0
https://en.nptel.io,19,11,2,0,0,0,0,1,0,0,0,1,0,0,0,0,0
http://qo4z533z.com/linkedin/verify?user=smv30&token=qabxw2eowl&redirect=cfs831,79,12,1,0,0,10,0,0,5,0,0,0,0,0,1,0,1
http://wpfvb71g.com/wikipedia/update?user=hlu8m&token=87mhxofkcg&redirect=gxp5ci,80,12,1,0,0,6,0,0,5,0,0,0,0,0,1,0,1
http://reddit-secure-tlec.saz0lb.com/secure,43,29,2,2,0,1,0,1,0,0,0,0,0,0,1,0,1
https://shop.nptel.io,21,13,2,0,0,0,0,1,0,0,0,1,0,0,0,0,0
https://shop.coursera.in/home,29,16,2,0,0,0,0,1,0,0,0,1,0,0,0,0,0
https://en.wikipedia.in/about,29,15,2,0,0,0,0,1,0,0,0,1,0,0,0,0,0
https://www.apple.in/search?q=item,34,12,2,0,0,0,0,1,1,0,0,1,0,0,0,0,0
https://shop.apple.edu/home,27,14,2,0,0,0,0,1,0,0,0,1,0,0,0,0,0
https://shop.nptel.io/user/profile,34,13,2,0,0,0,0,1,0,0,0,1,0,0,0,0,0
http://fhvsthbn.com/chase/confirm?user=bizfw&token=tjsjffp5go&redirect=fc5wu2,77,12,1,0,0,3,0,0,5,0,0,0,0,0,1,0,1
http://179.38.201.224/linkedin-update/y3c0eq,44,14,3,1,0,13,0,2,0,0,1,0,0,0,1,0,1
http://wikipediaupdate.cricket/update.php,41,23,2,0,0,0,0,0,0,0,0,0,0,0,1,1,1
http://amazon-webscr-sc9j.5uge1g.com/webscr,43,29,2,2,0,3,0,1,0,0,0,0,0,0,1,0,1
https://amazon.net/,19,10,1,0,0,0,0,0,0,0,0,1,0,0,0,0,1
https://en.wikipedia.in/user/profile,36,15,2,0,0,0,0,1,0,0,0,1,0,0,0,0,0
https://irctc.io/docs,21,8,1,0,0,0,0,0,0,0,0,1,0,0,0,0,0
http://irctclogin.zip/login.php,31,14,2,0,0,0,0,0,0,0,0,0,0,0,1,1,1
http://chasewebscr.tk/webscr.php,32,14,2,0,0,0,0,0,0,0,0,0,0,0,1,1,1
http://spotify.com@vktaf6bl.zip/signin,38,12,2,0,0,1,0,0,0,1,0,0,0,0,1,1,1
https://shop.amazon.edu/home,28,15,2,0,0,0,0,1,0,0,0,1,0,0,0,0,0
https://netflix.in/,19,10,1,0,0,0,0,0,0,0,0,1,0,0,0,0,0
https://shop.wikipedia.edu/search?q=item,40,18,2,0,0,0,0,1,1,0,0,1,0,0,0,0,0
https://www.stackoverflow.in/about,34,20,2,0,0,0,0,1,0,0,0,1,0,0,0,0,0
http://187.17.116.6/paypal-webscr/8obw3j,40,12,3,1,0,11,0,2,0,0,1,0,0,0,1,0,1
http://247.220.127.171/reddit-secure/2w71tj,43,15,3,1,0,15,0,2,0,0,1,0,0,0,1,0,1
http://nptel.com@7lhxol0i.tk/update,35,11,2,0,0,2,0,0,0,1,0,0,0,0,1,1,0
https://google.in/docs,22,9,1,0,0,0,0,0,0,0,0,1,0,0,0,0,0
https://shop.google.org/home,28,15,2,0,0,0,0,1,0,0,0,1,0,0,0,0,0
http://156.157.186.175/nptel-confirm/n4h2aw,43,15,3,1,0,14,0,2,0,0,1,0,0,0,1,0,1
http://33.82.221.38/microsoft-webscr/158oqe,43,12,3,1,0,12,0,2,0,0,1,0,0,0,1,0,1
http://reddit-webscr-z0kd.n3tn60.com/webscr,43,29,2,2,0,4,0,1,0,0,0,0,0,0,1,0,1
https://wikipedia.com/search?q=item,35,13,1,0,0,0,0,0,1,0,0,1,0,0,0,0,0
https://www.reddit.org/,23,14,2,0,0,0,0,1,0,0,0,1,0,0,0,0,0
https://shop.netflix.io/about,29,15,2,0,0,0,0,1,0,0,0,1,0,0,0,0,0
https://shop.reddit.net/docs,28,15,2,0,0,0,0,1,0,0,0,1,0,0,0,0,0
https://en.spotify.net/products,31,14,2,0,0,0,0,1,0,0,0,1,0,0,0,0,0
https://www.linkedin.org/home,29,16,2,0,0,0,0,1,0,0,0,1,0,0,0,0,0
http://paypal.com@1y3bqhok.country/update,41,16,2,0,0,2,0,0,0,1,0,0,0,0,1,1,1
http://github-secure-924h.tpl131.com/secure,43,29,2,2,0,6,0,1,0,0,0,0,0,0,1,0,1
http://f486i3ce.com/microsoft/confirm?user=8zna8&token=nzxc45bncc&redirect=u3fg00,81,12,1,0,0,11,0,0,5,0,0,0,0,0,1,0,1
https://leetcode.org,20,12,1,0,0,0,0,0,0,0,0,1,0,0,0,0,0
https://en.netflix.io/products,30,13,2,0,0,0,0,1,0,0,0,1,0,0,0,0,0
http://paypal.com@xttqu6l2.kim/webscr,37,12,2,0,0,2,0,0,0,1,0,0,0,0,1,1,1
https://flipkart.org/about,26,12,1,0,0,0,0,0,0,0,0,1,0,0,0,0,0
http://flipkart.com@6qcaluk8.science/update,43,16,2,0,0,2,0,0,0,1,0,0,0,0,1,1,1
http://linkedin.com@dtcxnmj5.kim/verify,39,12,2,0,0,1,0,0,0,1,0,0,0,0,1,1,1
http://google-secure-s1kw.qjl8ez.com/secure,43,29,2,2,0,2,0,1,0,0,0,0,0,0,1,0,1
http://netflixupdate.cricket/update.php,39,21,2,0,0,0,0,0,0,0,0,0,0,0,1,1,1
https://www.reddit.org,22,14,2,0,0,0,0,1,0,0,0,1,0,0,0,0,0
https://www.google.edu/about,28,14,2,0,0,0,0,1,0,0,0,1,0,0,0,0,0
http://3mskzo3i.com/paypal/secure?user=9llif&token=fcvedqfc1y&redirect=uzpex7,77,12,1,0,0,5,0,0,5,0,0,0,0,0,1,0,1
http://apple.com@4smzocxm.tk/account,36,11,2,0,0,1,0,0,0,1,0,0,0,0,1,1,1
http://ym33mg1z.com/wikipedia/login?user=aq7qh&token=ak7mdwkzir&redirect=nk6zhh,79,12,1,0,0,6,0,0,5,0,0,0,0,0,1,0,1
https://en.google.net/search?q=item,35,13,2,0,0,0,0,1,1,0,0,1,0,0,0,0,0
http://amazon.com@5yrwq2dx.science/update,41,16,2,0,0,2,0,0,0,1,0,0,0,0,1,1,1
https://en.flipkart.com/search?q=item,37,15,2,0,0,0,0,1,1,0,0,1,0,1,0,0,0
http://googleaccount.tk/account.php,35,16,2,0,0,0,0,0,0,0,0,0,0,0,1,1,1
https://www.chase.com/docs,26,13,2,0,0,0,0,1,0,0,0,1,0,0,0,0,1
http://redditlogin.gq/login.php,31,14,2,0,0,0,0,0,0,0,0,0,0,0,1,1,1
https://shop.spotify.io/about,29,15,2,0,0,0,0,1,0,0,0,1,0,0,0,0,0
http://5p03wvpu.com/netflix/webscr?user=nwcgb&token=svk3x8mbgl&redirect=2mcxn2,78,12,1,0,0,7,0,0,5,0,0,0,0,0,1,0,1
http://reddit.com@nm5saxyk.country/login,40,16,2,0,0,1,0,0,0,1,0,0,0,0,1,1,1
http://vqpu3et1.com/wikipedia/account?user=ovejk&token=lcp9uw165a&redirect=ejt70e,81,12,1,0,0,8,0,0,5,0,0,0,0,0,1,0,0
http://applelogin.tk/login.php,30,13,2,0,0,0,0,0,0,0,0,0,0,0,1,1,1
https://en.spotify.io,21,13,2,0,0,0,0,1,0,0,0,1,0,0,0,0,0
http://github.com@yur4sor8.tk/webscr,36,11,2,0,0,2,0,0,0,1,0,0,0,0,1,1,1
https://www.stackoverflow.net/products,38,21,2,0,0,0,0,1,0,0,0,1,0,0,0,0,0
https://shop.amazon.net/,24,15,2,0,0,0,0,1,0,0,0,1,0,0,0,0,0
http://251.61.179.113/chase-secure/xqerbk,41,14,3,1,0,11,0,2,0,0,1,0,0,0,1,0,1
http://apple-login-enmz.so6axu.com/login,40,27,2,2,0,1,0,1,0,0,0,0,0,0,1,0,1
https://en.netflix.io/docs,26,13,2,0,0,0,0,1,0,0,0,1,0,0,0,0,0
http://flipkartconfirm.tk/confirm.php,37,18,2,0,0,0,0,0,0,0,0,0,0,0,1,1,1
http://wikipedia-account-p0bn.85p3eb.com/account,48,33,2,2,0,4,0,1,0,0,0,0,0,0,1,0,1
https://www.nptel.com/about,27,13,2,0,0,0,0,1,0,0,0,1,0,0,0,0,0
https://coursera.in/products,28,11,1,0,0,0,0,0,0,0,0,1,0,0,0,0,0
https://www.flipkart.in/,24,15,2,0,0,0,0,1,0,0,0,1,0,0,0,0,0
https://shop.reddit.in/user/profile,35,14,2,0,0,0,0,1,0,0,0,1,0,0,0,0,0
http://leetcode.com@izq2nmnr.party/login,40,14,2,0,0,1,0,0,0,1,0,0,0,0,1,1,1
http://nptelverify.tk/verify.php,32,14,2,0,0,0,0,0,0,0,0,0,0,0,1,1,1
https://www.apple.edu/products,30,13,2,0,0,0,0,1,0,0,0,1,0,0,0,0,0
https://en.chase.org,20,12,2,0,0,0,0,1,0,0,0,1,0,0,0,0,0
https://shop.wikipedia.org/home,31,18,2,0,0,0,0,1,0,0,0,1,0,0,0,0,0
https://chase.net/products,26,9,1,0,0,0,0,0,0,0,0,1,0,0,0,0,0
https://www.wikipedia.io/search?q=item,38,16,2,0,0,0,0,1,1,0,0,1,0,0,0,0,0
http://google-account-oaph.t6o6a1.com/account,45,30,2,2,0,3,0,1,0,0,0,0,0,0,1,0,1
https://en.wikipedia.com/home,29,16,2,0,0,0,0,1,0,0,0,1,0,0,0,0,0
https://en.google.org,21,13,2,0,0,0,0,1,0,0,0,1,0,0,0,0,0
http://microsoftverify.review/verify.php,40,22,2,0,0,0,0,0,0,0,0,0,0,0,1,1,1
https://shop.microsoft.edu,26,18,2,0,0,0,0,1,0,0,0,1,0,0,0,0,0
https://wikipedia.com/user/profile,34,13,1,0,0,0,0,0,0,0,0,1,0,0,0,0,0
http://bjeqvvia.com/amazon/webscr?user=a2uaq&token=e8btsmaq3o&redirect=klmc1r,77,12,1,0,0,4,0,0,5,0,0,0,0,0,1,0,0
http://227.24.134.63/amazon-signin/orhtmt,41,13,3,1,0,10,0,2,0,0,1,0,0,0,1,0,1
http://zteew6mm.com/irctc/secure?user=7idao&token=13tb25iccp&redirect=klv69e,76,12,1,0,0,8,0,0,5,0,0,0,0,0,1,0,1
http://google.com@n0abcz7e.party/update,39,14,2,0,0,2,0,0,0,1,0,0,0,0,1,1,1
https://shop.leetcode.edu/about,31,17,2,0,0,0,0,1,0,0,0,1,0,0,0,0,0
https://shop.chase.com/docs,27,14,2,0,0,0,0,1,0,0,0,1,0,0,0,0,0
https://www.google.io/products,30,13,2,0,0,0,0,1,0,0,0,1,0,0,0,0,0
https://en.chase.com,20,12,2,0,0,0,0,1,0,0,0,1,0,0,0,0,0
https://coursera.net/docs,25,12,1,0,0,0,0,0,0,0,0,1,0,0,0,0,0
https://www.nptel.org/products,30,13,2,0,0,0,0,1,0,0,0,1,0,0,0,0,0
http://netflixsignin.work/signin.php,36,18,2,0,0,0,0,0,0,0,0,0,0,0,1,1,1
http://42dj43dg.com/apple/update?user=amrh4&token=fzzhyh9ojg&redirect=ueifo2,76,12,1,0,0,7,0,0,5,0,0,0,0,0,1,0,1
https://shop.apple.com/user/profile,35,14,2,0,0,0,0,1,0,0,0,1,0,0,0,0,0
https://en.microsoft.net/user/profile,37,16,2,0,0,0,0,1,0,0,0,1,0,0,0,0,0
http://q6exnwzr.com/google/confirm?user=04hhe&token=7icdo5digx&redirect=l9ysu5,78,12,1,0,0,7,0,0,5,0,0,0,0,0,1,0,1
https://flipkart.in/home,24,11,1,0,0,0,0,0,0,0,0,1,0,0,0,0,0
http://xy2nz5x5.com/stackoverflow/login?user=1o0lq&token=byg6g04jgs&redirect=qof3wg,83,12,1,0,0,9,0,0,5,0,0,0,0,0,1,0,1
http://stackoverflowsignin.zip/signin.php,41,23,2,0,0,0,0,0,0,0,0,0,0,0,1,1,1
https://en.github.com,21,13,2,0,0,0,0,1,0,0,0,1,0,0,0,0,0
https://www.chase.net/user/profile,34,13,2,0,0,0,0,1,0,0,0,1,0,0,0,0,0
http://nptelconfirm.country/confirm.php,39,20,2,0,0,0,0,0,0,0,0,0,0,0,1,1,1
https://www.amazon.edu/products,31,14,2,0,0,0,0,1,0,0,0,1,0,0,0,0,1
http://appleupdate.science/update.php,37,19,2,0,0,0,0,0,0,0,0,0,0,0,1,1,1
https://linkedin.in/about,25,11,1,0,0,0,0,0,0,0,0,1,0,0,0,0,0
https://en.wikipedia.in/search?q=item,37,15,2,0,0,0,0,1,1,0,0,1,0,0,0,0,0
https://en.irctc.io/products,28,11,2,0,0,0,0,1,0,0,0,1,0,0,0,0,0
http://netflixupdate.country/update.php,39,21,2,0,0,0,0,0,0,0,0,0,0,0,1,1,1
https://www.leetcode.org/search?q=item,38,16,2,0,0,0,0,1,1,0,0,1,0,0,0,0,0
https://www.spotify.io/home,27,14,2,0,0,0,0,1,0,0,0,1,0,0,0,0,0
https://shop.wikipedia.io/user/profile,38,17,2,0,0,0,0,1,0,0,0,1,0,0,0,0,0
https://www.amazon.in/products,30,13,2,0,0,0,0,1,0,0,0,1,0,0,0,0,0
https://shop.irctc.io/home,26,13,2,0,0,0,0,1,0,0,0,1,0,0,0,0,0
https://en.amazon.in,20,12,2,0,0,0,0,1,0,0,0,1,0,0,0,0,0
https://en.reddit.in/docs,25,12,2,0,0,0,0,1,0,0,0,1,0,0,0,0,0
https://www.google.in/about,27,13,2,0,0,0,0,1,0,0,0,1,0,0,0,0,0
https://shop.github.com/,24,15,2,0,0,0,0,1,0,0,0,1,0,0,0,0,0
http://183.154.126.111/linkedin-confirm/z79hqt,46,15,3,1,0,14,0,2,0,0,1,0,0,0,1,0,1
http://courseraupdate.cricket/update.php,40,22,2,0,0,0,0,0,0,0,0,0,0,0,1,1,1
https://reddit.edu/about,24,10,1,0,0,0,0,0,0,0,0,1,0,0,0,0,0
https://en.microsoft.com/home,29,16,2,0,0,0,0,1,0,0,0,1,0,1,0,0,0
http://netflix.com@o778s676.party/login,39,14,2,0,0,6,0,0,0,1,0,0,0,0,1,1,1
https://en.leetcode.org/,24,15,2,0,0,0,0,1,0,0,0,1,0,0,0,0,0
https://en.nptel.edu/about,26,12,2,0,0,0,0,1,0,0,0,1,0,0,0,0,0
https://en.irctc.edu/,21,12,2,0,0,0,0,1,0,0,0,1,0,0,0,0,0
https://en.flipkart.com,23,15,2,0,0,0,0,1,0,0,0,1,0,1,0,0,0
https://shop.netflix.io/about,29,15,2,0,0,0,0,1,0,0,0,1,0,0,0,0,0
http://amazon-update-p6vi.arph3q.com/update,43,29,2,2,0,2,0,1,0,0,0,0,0,0,1,0,1
https://en.chase.edu/search?q=item,34,12,2,0,0,0,0,1,1,0,0,1,0,0,0,0,0
https://en.flipkart.org,23,15,2,0,0,0,0,1,0,0,0,1,0,0,0,0,0
http://6tclk04p.com/irctc/webscr?user=2ek1h&token=w67y9pppcg&redirect=q6pe2f,76,12,1,0,0,10,0,0,5,0,0,0,0,0,1,0,1
https://www.leetcode.org/user/profile,37,16,2,0,0,0,0,1,0,0,0,1,0,0,0,0,0
https://en.paypal.com/products,30,13,2,0,0,0,0,1,0,0,0,1,0,0,0,0,0
http://netflixconfirm.review/confirm.php,40,21,2,0,0,0,0,0,0,0,0,0,0,0,1,1,1
https://en.microsoft.com/about,30,16,2,0,0,0,0,1,0,0,0,1,0,1,0,0,0
https://shop.leetcode.io/products,33,16,2,0,0,0,0,1,0,0,0,1,0,0,0,0,0
https://en.amazon.com/search?q=item,35,13,2,0,0,0,0,1,1,0,0,1,0,0,0,0,1
http://ewrukfwp.com/leetcode/login?user=zdpvo&token=e4t8dl8f5w&redirect=az5bca,78,12,1,0,0,5,0,0,5,0,0,0,0,0,1,0,1
https://www.wikipedia.edu/search?q=item,39,17,2,0,0,0,0,1,1,0,0,1,0,0,0,0,0
http://n8ong5ud.com/microsoft/signin?user=lhwv6&token=flvywapke5&redirect=ajr1ov,80,12,1,0,0,5,0,0,5,0,0,0,0,0,1,0,1
https://en.amazon.com/home,26,13,2,0,0,0,0,1,0,0,0,1,0,0,0,0,0
https://shop.nptel.edu,22,14,2,0,0,0,0,1,0,0,0,1,0,0,0,0,0
http://08kgfp94.com/linkedin/confirm?user=k3awl&token=ar0wh0rfiu&redirect=prog71,80,12,1,0,0,9,0,0,5,0,0,0,0,0,1,0,1
http://wikipedialogin.country/login.php,39,22,2,0,0,0,0,0,0,0,0,0,0,0,1,1,1
https://paypal.io/,18,9,1,0,0,0,0,0,0,0,0,1,0,0,0,0,0
http://irctc-confirm-w1i5.ki7ve3.com/confirm,44,29,2,2,0,4,0,1,0,0,0,0,0,0,1,0,0
http://githubaccount.review/account.php,39,20,2,0,0,0,0,0,0,0,0,0,0,0,1,1,1
http://q77z4es3.com/chase/confirm?user=aofc9&token=lgytlcqfmu&redirect=iw7j35,77,12,1,0,0,8,0,0,5,0,0,0,0,0,1,0,1
https://shop.linkedin.io/docs,29,16,2,0,0,0,0,1,0,0,0,1,0,0,0,0,0
http://netflix.com@k5lmfkri.country/signin,42,16,2,0,0,1,0,0,0,1,0,0,0,0,1,1,1
http://leetcode.com@m4t8bp6n.science/confirm,44,16,2,0,0,3,0,0,0,1,0,0,0,0,1,1,1
https://shop.apple.com/search?q=item,36,14,2,0,0,0,0,1,1,0,0,1,0,0,0,0,0
https://apple.in/user/profile,29,8,1,0,0,0,0,0,0,0,0,1,0,0,0,0,0
https://stackoverflow.com/home,30,17,1,0,0,0,0,0,0,0,0,1,0,0,0,0,0
https://en.coursera.io/products,31,14,2,0,0,0,0,1,0,0,0,1,0,0,0,0,0
http://vy3nukon.com/wikipedia/update?user=dhkbr&token=jiglg08yvu&redirect=69qaz6,80,12,1,0,0,6,0,0,5,0,0,0,0,0,1,0,1
http://8.95.28.152/stackoverflow-update/9zmq77,46,11,3,1,0,11,0,2,0,0,1,0,0,0,1,0,1
https://en.google.io,20,12,2,0,0,0,0,1,0,0,0,1,0,0,0,0,0
https://shop.amazon.in/search?q=item,36,14,2,0,0,0,0,1,1,0,0,1,0,0,0,0,0
http://googleaccount.country/account.php,40,21,2,0,0,0,0,0,0,0,0,0,0,1,1,1,1
https://shop.github.in/user/profile,35,14,2,0,0,0,0,1,0,0,0,1,0,0,0,0,1
http://5.246.159.69/coursera-account/8f52k1,43,12,3,1,0,13,0,2,0,0,1,0,0,0,1,0,1
https://shop.paypal.in/search?q=item,36,14,2,0,0,0,0,1,1,0,0,1,0,0,0,0,0
https://shop.wikipedia.in/user/profile,38,17,2,0,0,0,0,1,0,0,0,1,0,0,0,0,0
http://162.93.183.88/nptel-login/2nar3s,39,13,3,1,0,12,0,2,0,0,1,0,0,0,1,0,1
https://en.leetcode.org/products,32,15,2,0,0,0,0,1,0,0,0,1,0,0,0,0,0
http://spotify-account-tgf4.d8h4zp.com/account,46,31,2,2,0,3,0,1,0,0,0,0,0,0,1,0,0
http://wikipedia.com@m84bctwk.cricket/update,44,16,2,0,0,2,0,0,0,1,0,0,0,0,1,1,1
https://www.google.io/,22,13,2,0,0,0,0,1,0,0,0,1,0,0,0,0,0
https://shop.paypal.io/,23,14,2,0,0,0,0,1,0,0,0,1,0,0,0,0,0
https://shop.nptel.org/search?q=item,36,14,2,0,0,0,0,1,1,0,0,1,0,0,0,0,0
https://amazon.net/docs,23,10,1,0,0,0,0,0,0,0,0,1,0,0,0,0,0
http://32.158.35.185/paypal-login/vg429i,40,13,3,1,0,13,0,2,0,0,1,0,0,0,1,0,1
https://shop.chase.com,22,14,2,0,0,0,0,1,0,0,0,1,0,0,0,0,0
https://en.spotify.com/docs,27,14,2,0,0,0,0,1,0,0,0,1,0,0,0,0,0
http://github.com@fuviv6tx.work/signin,38,13,2,0,0,1,0,0,0,1,0,0,0,0,1,1,1
https://shop.wikipedia.org/products,35,18,2,0,0,0,0,1,0,0,0,1,0,0,0,0,0
http://rboo703b.com/stackoverflow/secure?user=95ohs&token=7auigjd3x4&redirect=yh5hoa,84,12,1,0,0,9,0,0,5,0,0,0,0,0,1,0,1
http://15.182.177.127/linkedin-verify/y4jufn,44,14,3,1,0,12,0,2,0,0,1,0,0,0,1,0,1
http://linkedin.com@pn524ksk.tk/account,39,11,2,0,0,3,0,0,0,1,0,0,0,0,1,1,1
http://paypalverify.cricket/verify.php,38,20,2,0,0,0,0,0,0,0,0,0,0,0,1,1,1
http://qc37rln3.com/reddit/verify?user=6v1mz&token=b3i4fieecy&redirect=2c11bd,77,12,1,0,0,10,0,0,5,0,0,0,0,0,1,0,1
https://linkedin.edu/about,26,12,1,0,0,0,0,0,0,0,0,1,0,0,0,0,0
https://en.apple.com/docs,25,12,2,0,0,0,0,1,0,0,0,1,0,0,0,0,0
https://shop.coursera.in/about,30,16,2,0,0,0,0,1,0,0,0,1,0,0,0,0,0
https://shop.github.io,22,14,2,0,0,0,0,1,0,0,0,1,0,0,0,0,0
http://reddit-webscr-095u.hgcrkf.com/webscr,43,29,2,2,0,3,0,1,0,0,0,0,0,0,1,0,1
https://en.chase.com/,21,12,2,0,0,0,0,1,0,0,0,1,0,0,0,0,0
https://github.io,17,9,1,0,0,0,0,0,0,0,0,1,0,0,0,0,0
http://github.com@qcg41rk4.science/login,40,16,2,0,0,3,0,0,0,1,0,0,0,0,1,1,1
https://microsoft.io/home,25,12,1,0,0,0,0,0,0,0,0,1,0,0,0,0,0
https://flipkart.io/docs,24,11,1,0,0,0,0,0,0,0,0,1,0,0,0,0,0
http://48.246.129.111/apple-update/59ymzy,41,14,3,1,0,13,0,2,0,0,1,0,0,0,1,0,1
https://www.microsoft.edu/search?q=item,39,17,2,0,0,0,0,1,1,0,0,1,0,0,0,0,0
https://wikipedia.net,21,13,1,0,0,0,0,0,0,0,0,1,0,0,0,0,0
http://48.147.45.113/coursera-webscr/cbi6qs,43,13,3,1,0,11,0,2,0,0,1,0,0,0,1,0,1
http://nptel-login-k8s2.xquzs9.com/login,40,27,2,2,0,3,0,1,0,0,0,0,0,0,1,0,1
https://www.coursera.net/about,30,16,2,0,0,0,0,1,0,0,0,1,0,0,0,0,1
https://netflix.org,19,11,1,0,0,0,0,0,0,0,0,1,0,0,0,0,0
https://coursera.edu/about,26,12,1,0,0,0,0,0,0,0,0,1,0,0,0,0,0
https://shop.microsoft.io/search?q=item,39,17,2,0,0,0,0,1,1,0,0,1,0,0,0,0,0
https://en.flipkart.net/products,32,15,2,0,0,0,0,1,0,0,0,1,0,0,0,0,0
https://en.netflix.org,22,14,2,0,0,0,0,1,0,0,0,1,0,0,0,0,0
http://196.71.127.255/spotify-login/8vnrpj,42,14,3,1,0,12,0,2,0,0,1,0,0,0,1,0,1
http://chase-confirm-4gwd.fo1nnj.com/confirm,44,29,2,2,0,2,0,1,0,0,0,0,0,0,1,0,1
https://coursera.com/user/profile,33,12,1,0,0,0,0,0,0,0,0,1,0,0,0,0,0
https://en.microsoft.net/search?q=item,38,16,2,0,0,0,0,1,1,0,0,1,0,0,0,0,0
http://99.93.164.139/apple-confirm/i5p2qf,41,13,3,1,0,12,0,2,0,0,1,0,0,0,1,0,1
http://linkedin.com@bs7587h9.country/signin,43,16,2,0,0,5,0,0,0,1,0,0,0,0,1,1,1
https://flipkart.io/docs,24,11,1,0,0,0,0,0,0,0,0,1,0,0,0,0,1
http://wikipedia.com@nc8yci08.work/account,42,13,2,0,0,3,0,0,0,1,0,0,0,0,1,1,1
http://chase.com@im2caml5.work/signin,37,13,2,0,0,2,0,0,0,1,0,0,0,0,1,1,1
http://hlth11bl.com/wikipedia/secure?user=f1xoy&token=c6h52mj13m&redirect=7pc59p,80,12,1,0,0,11,0,0,5,0,0,0,0,0,1,0,1
http://wikipediawebscr.gq/webscr.php,36,18,2,0,0,0,0,0,0,0,0,0,0,0,1,1,1
https://shop.netflix.edu/,25,16,2,0,0,0,0,1,0,0,0,1,0,0,0,0,0
https://netflix.in/search?q=item,32,10,1,0,0,0,0,0,1,0,0,1,0,0,0,0,0
https://shop.spotify.net,24,16,2,0,0,0,0,1,0,0,0,1,0,0,0,0,0
https://shop.spotify.org/home,29,16,2,0,0,0,0,1,0,0,0,1,0,0,0,0,1
http://h6airh8s.com/linkedin/secure?user=7dzsy&token=jx20au5ik3&redirect=1yuw2t,79,12,1,0,0,9,0,0,5,0,0,0,0,0,1,0,1
https://en.paypal.io/products,29,12,2,0,0,0,0,1,0,0,0,1,0,0,0,0,0
http://coursera.com@k7orfqla.gq/secure,38,11,2,0,0,1,0,0,0,1,0,0,0,0,1,1,1
http://pnnlo0hh.com/nptel/webscr?user=gh5xw&token=6t1oxhfdxk&redirect=31wbht,76,12,1,0,0,6,0,0,5,0,0,0,0,0,1,0,1
http://irctc-signin-7ahu.g9y1xu.com/signin,42,28,2,2,0,3,0,1,0,0,0,0,0,0,1,0,1
https://en.reddit.in/home,25,12,2,0,0,0,0,1,0,0,0,1,0,0,0,0,0
https://www.reddit.edu/,23,14,2,0,0,0,0,1,0,0,0,1,0,0,0,0,0
http://248.112.77.36/linkedin-confirm/7zoj3e,44,13,3,1,0,12,0,2,0,0,1,0,0,0,1,0,1
https://shop.nptel.edu/,23,14,2,0,0,0,0,1,0,0,0,1,0,0,0,0,0
https://en.stackoverflow.com/about,34,20,2,0,0,0,0,1,0,0,0,1,0,0,0,0,0
http://coursera-signin-4078.kxibk7.com/signin,45,31,2,2,0,5,0,1,0,0,0,0,0,0,1,0,1
https://en.google.com,21,13,2,0,0,0,0,1,0,0,0,1,0,0,0,0,0
https://en.irctc.io/user/profile,32,11,2,0,0,0,0,1,0,0,0,1,0,0,0,0,0
http://coursera.com@c3evwchm.work/secure,40,13,2,0,0,1,0,0,0,1,0,0,0,0,1,1,1
https://google.in/user/profile,30,9,1,0,0,0,0,0,0,0,0,1,0,0,0,0,0
https://en.leetcode.edu/search?q=item,37,15,2,0,0,0,0,1,1,0,0,1,0,0,0,0,1
https://en.paypal.org,21,13,2,0,0,0,0,1,0,0,0,1,0,0,0,0,0
http://wikipedia.com@a7263rjk.gq/login,38,11,2,0,0,4,0,0,0,1,0,0,0,0,1,1,1
http://wikipediaconfirm.party/confirm.php,41,22,2,0,0,0,0,0,0,0,0,0,0,0,1,1,1
https://stackoverflow.in/user/profile,37,16,1,0,0,0,0,0,0,0,0,1,0,0,0,0,0
http://7.199.201.208/spotify-login/hvnyar,41,13,3,1,0,10,0,2,0,0,1,0,0,0,1,0,1
http://a2mt4c46.com/coursera/login?user=p9nba&token=v4vjhp60iq&redirect=7sddvx,78,12,1,0,0,9,0,0,5,0,0,0,0,0,1,0,1
http://github-secure-9vwi.eb97pw.com/secure,43,29,2,2,0,3,0,1,0,0,0,0,0,0,1,0,1
http://spotifyaccount.party/account.php,39,20,2,0,0,0,0,0,0,0,0,0,0,0,1,1,1
https://shop.reddit.org/home,28,15,2,0,0,0,0,1,0,0,0,1,0,0,0,0,0
http://wikipedialogin.tk/login.php,34,17,2,0,0,0,0,0,0,0,0,0,0,0,1,1,1
https://shop.coursera.org/user/profile,38,17,2,0,0,0,0,1,0,0,0,1,0,0,0,0,0
https://amazon.org/search?q=item,32,10,1,0,0,0,0,0,1,0,0,1,0,0,0,0,0
https://shop.leetcode.com/about,31,17,2,0,0,0,0,1,0,0,0,1,0,0,0,0,0
http://github.com@gjegxeye.zip/signin,37,12,2,0,0,0,0,0,0,1,0,0,0,0,1,1,1
https://en.flipkart.org/docs,28,15,2,0,0,0,0,1,0,0,0,1,0,0,0,0,0
https://www.amazon.com/products,31,14,2,0,0,0,0,1,0,0,0,1,0,0,0,0,0
https://stackoverflow.org/products,34,17,1,0,0,0,0,0,0,0,0,1,0,0,0,0,0
https://shop.irctc.in/user/profile,34,13,2,0,0,0,0,1,0,0,0,1,0,0,0,0,0
http://microsoft.com@ufrckqh3.review/confirm,44,15,2,0,0,1,0,0,0,1,0,0,0,0,1,1,1
http://irctc.com@4udc4fh0.review/verify,39,15,2,0,0,3,0,0,0,1,0,0,0,0,1,1,0
http://i064vj2m.com/amazon/webscr?user=wyi7c&token=eummyywkmx&redirect=8dhic6,77,12,1,0,0,7,0,0,5,0,0,0,0,0,1,0,1
http://6v57hlsz.com/netflix/confirm?user=m6vdu&token=qdji6sow4y&redirect=if5d9r,79,12,1,0,0,8,0,0,5,0,0,0,0,0,1,0,1
http://rpjx0wuz.com/spotify/secure?user=llgyg&token=4f4desrwqb&redirect=6twnvj,78,12,1,0,0,4,0,0,5,0,0,0,0,0,1,0,1
http://irctc.com@1jdhqw2v.country/secure,40,16,2,0,0,2,0,0,0,1,0,0,0,0,1,1,1
https://en.amazon.com/search?q=item,35,13,2,0,0,0,0,1,1,0,0,1,0,0,0,0,0
https://flipkart.com/docs,25,12,1,0,0,0,0,0,0,0,0,1,0,1,0,0,1
https://en.reddit.org/docs,26,13,2,0,0,0,0,1,0,0,0,1,0,0,0,0,0
https://en.spotify.edu/search?q=item,36,14,2,0,0,0,0,1,1,0,0,1,0,0,0,0,0
https://github.com/user/profile,31,10,1,0,0,0,0,0,0,0,0,1,0,0,0,0,0
https://shop.linkedin.com/products,34,17,2,0,0,0,0,1,0,0,0,1,0,0,0,0,0
https://chase.io/user/profile,29,8,1,0,0,0,0,0,0,0,0,1,0,0,0,0,0
https://shop.coursera.edu/docs,30,17,2,0,0,0,0,1,0,0,0,1,0,0,0,0,0
http://wikipediasignin.science/signin.php,41,23,2,0,0,0,0,0,0,0,0,0,0,0,1,1,1
https://www.nptel.org/products,30,13,2,0,0,0,0,1,0,0,0,1,0,0,0,0,0
http://nptelsignin.kim/signin.php,33,15,2,0,0,0,0,0,0,0,0,0,0,0,1,1,1
http://irctcverify.tk/verify.php,32,14,2,0,0,0,0,0,0,0,0,0,0,0,1,1,1
https://en.nptel.com/products,29,12,2,0,0,0,0,1,0,0,0,1,0,0,0,0,0
http://jo7vbhh5.com/leetcode/webscr?user=ol5u7&token=ntedqmvqwp&redirect=qo2lng,79,12,1,0,0,5,0,0,5,0,0,0,0,0,1,0,1
http://flipkartupdate.tk/update.php,35,17,2,0,0,0,0,0,0,0,0,0,0,0,1,1,1
http://netflix-login-6mot.cg06xr.com/login,42,29,2,2,0,3,0,1,0,0,0,0,0,0,1,0,1
http://93.100.19.9/paypal-secure/c8uuxo,39,11,3,1,0,9,0,2,0,0,1,0,0,0,1,0,1
http://wikipedia.com@6sb053ak.kim/confirm,41,12,2,0,0,4,0,0,0,1,0,0,0,0,1,1,1
https://shop.github.io/products,31,14,2,0,0,0,0,1,0,0,0,1,0,0,0,0,0
http://pr7h4pzn.com/linkedin/secure?user=gvxxy&token=n9t61qskfn&redirect=nmlwva,79,12,1,0,0,5,0,0,5,0,0,0,0,0,1,0,1
https://www.linkedin.edu/user/profile,37,16,2,0,0,0,0,1,0,0,0,1,0,0,0,0,0
http://0o7y4xbb.com/nptel/secure?user=mzj22&token=pmb6xgk6yu&redirect=lnd7u4,76,12,1,0,0,9,0,0,5,0,0,0,0,0,1,0,1
http://amazon.com@zf2l4c0b.zip/secure,37,12,2,0,0,3,0,0,0,1,0,0,0,0,1,1,1
http://microsoft-login-hqgo.xaiqus.com/login,44,31,2,2,0,0,0,1,0,0,0,0,0,0,1,0,1
https://en.flipkart.net/products,32,15,2,0,0,0,0,1,0,0,0,1,0,0,0,0,0
https://en.linkedin.in/search?q=item,36,14,2,0,0,0,0,1,1,0,0,1,0,0,0,0,0
https://shop.reddit.org/search?q=item,37,15,2,0,0,0,0,1,1,0,0,1,0,0,0,0,0
http://github-login-vv9c.0xfevm.com/login,41,28,2,2,0,2,0,1,0,0,0,0,0,0,1,0,1
http://spotify-confirm-00ln.kkuo4j.com/confirm,46,31,2,2,0,3,0,1,0,0,0,0,0,0,1,0,1
http://githubupdate.tk/update.php,33,15,2,0,0,0,0,0,0,0,0,0,0,0,1,1,1
http://k8xn29gx.com/wikipedia/login?user=ekbzc&token=mlox8gct3m&redirect=9gx06a,79,12,1,0,0,8,0,0,5,0,0,0,0,0,1,0,1
https://www.apple.net/home,26,13,2,0,0,0,0,1,0,0,0,1,0,0,0,0,0
http://google-signin-ohf5.9she95.com/signin,43,29,2,2,0,4,0,1,0,0,0,0,0,0,1,0,1
http://spotify-account-epdm.bo6tqs.com/account,46,31,2,2,0,1,0,1,0,0,0,0,0,0,1,0,1
http://249.63.224.103/chase-confirm/3j5sfm,42,14,3,1,0,13,0,2,0,0,1,0,0,0,1,0,1
https://en.netflix.org/about,28,14,2,0,0,0,0,1,0,0,0,1,0,0,0,0,0
https://www.reddit.com/,23,14,2,0,0,0,0,1,0,0,0,1,0,1,0,0,0
http://66.85.183.163/irctc-update/gn99lt,40,13,3,1,0,12,0,2,0,0,1,0,0,0,1,0,1
https://www.paypal.edu/,23,14,2,0,0,0,0,1,0,0,0,1,0,0,0,0,0
https://shop.nptel.net/search?q=item,36,14,2,0,0,0,0,1,1,0,0,1,0,0,0,0,1
https://flipkart.net/docs,25,12,1,0,0,0,0,0,0,0,0,1,0,0,0,0,0
http://125.35.138.37/amazon-confirm/aogze5,42,13,3,1,0,11,0,2,0,0,1,0,0,0,1,0,1
http://apple-update-c9jy.paoaxq.com/update,42,28,2,2,0,1,0,1,0,0,0,0,0,0,1,0,1
http://amazonverify.cricket/verify.php,38,20,2,0,0,0,0,0,0,0,0,0,0,0,1,1,1
https://shop.nptel.in/,22,13,2,0,0,0,0,1,0,0,0,1,0,0,0,0,1
http://spotify-account-7uub.rj174w.com/account,46,31,2,2,0,4,0,1,0,0,0,0,0,0,1,0,1
http://reddit-update-i88b.ycznyr.com/update,43,29,2,2,0,2,0,1,0,0,0,0,0,0,1,0,0
https://www.nptel.com/home,26,13,2,0,0,0,0,1,0,0,0,1,0,0,0,0,0
http://irctc-verify-40kz.uj2xor.com/verify,42,28,2,2,0,3,0,1,0,0,0,0,0,0,1,0,1
https://www.flipkart.net/products,33,16,2,0,0,0,0,1,0,0,0,1,0,0,0,0,0
http://netflix-secure-e3ai.6aynpe.com/secure,44,30,2,2,0,2,0,1,0,0,0,0,0,0,1,0,1
http://rgi4jwpx.com/github/confirm?user=efaf0&token=iszhrkdvnj&redirect=n2q3fk,78,12,1,0,0,4,0,0,5,0,0,0,0,0,1,0,1
http://qpwdxyas.com/google/webscr?user=vdazv&token=46esmrwgeb&redirect=evsxmv,77,12,1,0,0,2,0,0,5,0,0,0,0,0,1,0,1
https://shop.microsoft.com/search?q=item,40,18,2,0,0,0,0,1,1,0,0,1,0,1,0,0,0
http://spotify.com@04sbrspj.tk/signin,37,11,2,0,0,2,0,0,0,1,0,0,0,0,1,1,1
http://linkedinverify.tk/verify.php,35,17,2,0,0,0,0,0,0,0,0,0,0,0,1,1,1
http://paypal.com@2so19v58.zip/update,37,12,2,0,0,5,0,0,0,1,0,0,0,0,1,1,1
http://apple.com@wapcq7vg.science/signin,40,16,2,0,0,1,0,0,0,1,0,0,0,0,1,1,1
http://stackoverflowconfirm.cricket/confirm.php,47,28,2,0,0,0,0,0,0,0,0,0,0,0,1,1,1
http://vhjobeif.com/amazon/login?user=dd56h&token=6u9wcdb68z&redirect=a0pl81,76,12,1,0,0,9,0,0,5,0,0,0,0,0,1,0,1
http://ddzv7txx.com/spotify/confirm?user=6lk7i&token=azgq095egv&redirect=t67k37,79,12,1,0,0,10,0,0,5,0,0,0,0,0,1,0,1
https://en.google.in/home,25,12,2,0,0,0,0,1,0,0,0,1,0,0,0,0,0
https://en.paypal.in/about,26,12,2,0,0,0,0,1,0,0,0,1,0,0,0,0,0
http://reddit.com@x54qotvo.country/login,40,16,2,0,0,2,0,0,0,1,0,0,0,0,1,1,1
https://www.leetcode.org/products,33,16,2,0,0,0,0,1,0,0,0,1,0,0,0,0,1
https://shop.flipkart.org/,26,17,2,0,0,0,0,1,0,0,0,1,0,0,0,0,0
http://netflix-signin-psxm.dx52f7.com/signin,44,30,2,2,0,3,0,1,0,0,0,0,0,0,1,0,1
https://en.reddit.com/user/profile,34,13,2,0,0,0,0,1,0,0,0,1,0,1,0,0,0
http://google.com@he0fwcs4.zip/secure,37,12,2,0,0,2,0,0,0,1,0,0,0,0,1,1,1
https://coursera.edu/search?q=item,34,12,1,0,0,0,0,0,1,0,0,1,0,0,0,0,1
http://53.133.208.148/flipkart-verify/rfwtev,44,14,3,1,0,11,0,2,0,0,1,0,0,0,1,0,1
https://en.apple.com,20,12,2,0,0,0,0,1,0,0,0,1,0,0,0,0,0
http://m54xr8pj.com/microsoft/update?user=pf240&token=shdkkg1r1c&redirect=qkih54,80,12,1,0,0,10,0,0,5,0,0,0,0,0,1,0,1
https://www.github.org/,23,14,2,0,0,0,0,1,0,0,0,1,0,0,0,0,0
http://229.173.137.56/apple-update/pbwsxx,41,14,3,1,0,11,0,2,0,0,1,0,0,0,1,0,1
https://en.microsoft.in,23,15,2,0,0,0,0,1,0,0,0,1,0,0,0,0,0
https://shop.github.com/products,32,15,2,0,0,0,0,1,0,0,0,1,0,0,0,0,0
http://paypal.com@fyzskv6i.zip/account,38,12,2,0,0,1,0,0,0,1,0,0,0,0,1,1,1
https://en.amazon.com/products,30,13,2,0,0,0,0,1,0,0,0,1,0,0,0,0,0
https://en.paypal.in/,21,12,2,0,0,0,0,1,0,0,0,1,0,0,0,0,0
http://spotify-verify-nh4n.red6m4.com/verify,44,30,2,2,0,3,0,1,0,0,0,0,0,0,1,0,1
https://shop.spotify.com/about,30,16,2,0,0,0,0,1,0,0,0,1,0,0,0,0,0
http://140.3.171.184/google-secure/7u4gbg,41,13,3,1,0,12,0,2,0,0,1,0,0,0,1,0,1
https://shop.leetcode.org/products,34,17,2,0,0,0,0,1,0,0,0,1,0,0,0,0,0
https://shop.flipkart.in/products,33,16,2,0,0,0,0,1,0,0,0,1,0,0,0,0,0
http://flipkart-update-6d43.i21pu8.com/update,45,31,2,2,0,6,0,1,0,0,0,0,0,0,1,0,1
https://en.linkedin.edu/user/profile,36,15,2,0,0,0,0,1,0,0,0,1,0,0,0,0,0
https://en.irctc.org/home,25,12,2,0,0,0,0,1,0,0,0,1,0,0,0,0,0
http://microsoft.com@63lritjt.zip/webscr,40,12,2,0,0,2,0,0,0,1,0,0,0,0,1,1,1
https://shop.google.com/user/profile,36,15,2,0,0,0,0,1,0,0,0,1,0,0,0,0,0
https://spotify.com/products,28,11,1,0,0,0,0,0,0,0,0,1,0,0,0,0,0
https://shop.microsoft.net/docs,31,18,2,0,0,0,0,1,0,0,0,1,0,0,0,0,0
http://tca46fdv.com/irctc/verify?user=ae1is&token=yerumehcyk&redirect=jb85lf,76,12,1,0,0,5,0,0,5,0,0,0,0,0,1,0,1
https://en.chase.edu/,21,12,2,0,0,0,0,1,0,0,0,1,0,0,0,0,0
https://amazon.edu/user/profile,31,10,1,0,0,0,0,0,0,0,0,1,0,0,0,0,0
http://126.169.142.52/reddit-confirm/2rmc96,43,14,3,1,0,14,0,2,0,0,1,0,0,0,1,0,1
https://shop.irctc.com/,23,14,2,0,0,0,0,1,0,0,0,1,0,0,0,0,0
http://wikipedia-update-z3de.4ev5xw.com/update,46,32,2,2,0,3,0,1,0,0,0,0,0,0,1,0,1
http://amazon-update-i1rd.5b2crp.com/update,43,29,2,2,0,3,0,1,0,0,0,0,0,0,1,0,1
http://mxixv6ck.com/chase/account?user=malq5&token=u6jzv9nou3&redirect=dyms1m,77,12,1,0,0,6,0,0,5,0,0,0,0,0,1,0,1
http://11.40.208.96/spotify-account/62m9e5,42,12,3,1,0,13,0,2,0,0,1,0,0,0,1,0,1
https://google.in/search?q=item,31,9,1,0,0,0,0,0,1,0,0,1,0,0,0,0,0
https://en.spotify.net/products,31,14,2,0,0,0,0,1,0,0,0,1,0,0,0,0,0
http://wrpmehrt.com/coursera/login?user=vce3s&token=kso6dkflab&redirect=0qm6ut,78,12,1,0,0,4,0,0,5,0,0,0,0,1,1,0,1
http://reddit.com@m91284se.zip/webscr,37,12,2,0,0,5,0,0,0,1,0,0,0,0,1,1,1
https://en.flipkart.io/search?q=item,36,14,2,0,0,0,0,1,1,0,0,1,0,0,0,0,0
http://irctc-confirm-hf1p.w26rqh.com/confirm,44,29,2,2,0,3,0,1,0,0,0,0,0,0,1,0,1
https://shop.stackoverflow.com/docs,35,22,2,0,0,0,0,1,0,0,0,1,0,0,0,0,0
http://github-login-su8e.6xfwz7.com/login,41,28,2,2,0,3,0,1,0,0,0,0,0,0,1,0,1
http://94h4kftc.com/linkedin/confirm?user=dz309&token=5hs258w9zj&redirect=xlh8l6,80,12,1,0,0,13,0,0,5,0,0,0,0,0,1,0,1
https://shop.paypal.edu/search?q=item,37,15,2,0,0,0,0,1,1,0,0,1,0,0,0,0,0
http://leetcodeaccount.tk/account.php,37,18,2,0,0,0,0,0,0,0,0,0,0,0,1,1,1
http://reddit-login-xpgw.jx3bid.com/login,41,28,2,2,0,1,0,1,0,0,0,0,0,0,1,0,1
https://leetcode.io/about,25,11,1,0,0,0,0,0,0,0,0,1,0,0,0,0,0
https://en.irctc.com/home,25,12,2,0,0,0,0,1,0,0,0,1,0,0,0,0,0
https://shop.linkedin.edu/home,30,17,2,0,0,0,0,1,0,0,0,1,0,0,0,0,0
https://en.irctc.in/user/profile,32,11,2,0,0,0,0,1,0,0,0,1,0,0,0,0,0
https://shop.spotify.org,24,16,2,0,0,0,0,1,0,0,0,1,0,0,0,0,0
https://irctc.in/user/profile,29,8,1,0,0,0,0,0,0,0,0,1,0,0,0,0,0
https://shop.irctc.io/home,26,13,2,0,0,0,0,1,0,0,0,1,0,0,0,0,0
https://nptel.org/,18,9,1,0,0,0,0,0,0,0,0,1,0,0,0,0,0
http://176.123.103.21/google-secure/fvyg72,42,14,3,1,0,13,0,2,0,0,1,0,0,0,1,0,1
https://apple.org/search?q=item,31,9,1,0,0,0,0,0,1,0,0,1,0,0,0,0,0
http://microsoft.com@ni8tndfw.tk/login,38,11,2,0,0,1,0,0,0,1,0,0,0,0,1,1,1
http://flipkart.com@ddcirow8.zip/update,39,12,2,0,0,1,0,0,0,1,0,0,0,0,1,1,1
https://www.netflix.edu/user/profile,36,15,2,0,0,0,0,1,0,0,0,1,0,0,0,0,0
https://en.github.io/docs,25,12,2,0,0,0,0,1,0,0,0,1,0,0,0,0,0
https://shop.linkedin.net/search?q=item,39,17,2,0,0,0,0,1,1,0,0,1,0,0,0,0,0
http://c5umunlb.com/apple/webscr?user=nqand&token=tqypiclks4&redirect=41wmkx,76,12,1,0,0,4,0,0,5,0,0,0,0,0,1,0,1
http://spotifyupdate.science/update.php,39,21,2,0,0,0,0,0,0,0,0,0,0,0,1,1,1
http://redditwebscr.tk/webscr.php,33,15,2,0,0,0,0,0,0,0,0,0,0,0,1,1,1
http://145.24.250.143/paypal-verify/2t24d7,42,14,3,1,0,15,0,2,0,0,1,0,0,0,1,0,1
http://54.37.67.112/microsoft-update/mxsnwe,43,12,3,1,0,9,0,2,0,0,1,0,0,0,1,0,1
https://www.stackoverflow.in/search?q=item,42,20,2,0,0,0,0,1,1,0,0,1,0,0,0,0,0
https://shop.netflix.net/,25,16,2,0,0,0,0,1,0,0,0,1,0,0,0,0,0
https://shop.flipkart.edu,25,17,2,0,0,0,0,1,0,0,0,1,0,0,0,0,0
https://paypal.edu/products,27,10,1,0,0,0,0,0,0,0,0,1,0,0,0,0,0
https://www.paypal.in/docs,26,13,2,0,0,0,0,1,0,0,0,1,0,0,0,0,0
https://www.google.com/user/profile,35,14,2,0,0,0,0,1,0,0,0,1,0,0,0,0,0
https://www.apple.in/docs,25,12,2,0,0,0,0,1,0,0,0,1,0,0,0,0,0
http://irctc.com@25ju26sp.kim/confirm,37,12,2,0,0,4,0,0,0,1,0,0,0,0,1,1,1
http://leetcode-login-8lyt.uagdl1.com/login,43,30,2,2,0,2,0,1,0,0,0,0,0,0,1,0,1
http://paypalconfirm.zip/confirm.php,36,17,2,0,0,0,0,0,0,0,0,0,0,0,1,1,1
https://en.flipkart.org/products,32,15,2,0,0,0,0,1,0,0,0,1,0,0,0,0,0
http://microsoft-update-q0fc.uzlzoo.com/update,46,32,2,2,0,1,0,1,0,0,0,0,0,0,1,0,1
http://redditverify.review/verify.php,37,19,2,0,0,0,0,0,0,0,0,0,0,0,1,1,1
https://en.leetcode.edu/docs,28,15,2,0,0,0,0,1,0,0,0,1,0,0,0,0,0
https://apple.com/home,22,9,1,0,0,0,0,0,0,0,0,1,0,0,0,0,0
https://www.irctc.in/products,29,12,2,0,0,0,0,1,0,0,0,1,0,0,0,0,0
https://en.wikipedia.com/home,29,16,2,0,0,0,0,1,0,0,0,1,0,0,0,0,0
https://en.wikipedia.io,23,15,2,0,0,0,0,1,0,0,0,1,0,0,0,0,0
https://leetcode.org/user/profile,33,12,1,0,0,0,0,0,0,0,0,1,0,0,0,0,0
http://31.71.37.194/apple-account/oztp7b,40,12,3,1,0,10,0,2,0,0,1,0,0,0,1,0,1
https://en.apple.net/,21,12,2,0,0,0,0,1,0,0,0,1,0,0,0,0,0
https://shop.microsoft.io,25,17,2,0,0,0,0,1,0,0,0,1,0,0,0,0,0
https://www.netflix.org/docs,28,15,2,0,0,0,0,1,0,0,0,1,0,0,0,0,0
https://en.leetcode.in/products,31,14,2,0,0,0,0,1,0,0,0,1,0,0,0,0,0
https://www.spotify.org/,24,15,2,0,0,0,0,1,0,0,0,1,0,0,0,0,0
http://226.239.239.122/netflix-verify/ge0q5z,44,15,3,1,0,14,0,2,0,0,1,0,0,0,1,0,1
https://www.irctc.com/,22,13,2,0,0,0,0,1,0,0,0,1,0,0,0,0,0
http://google.com@1ptkftuw.country/account,42,16,2,0,0,1,0,0,0,1,0,0,0,0,1,1,1
http://spotify.com@6x6sxua3.cricket/account,43,16,2,0,0,3,0,0,0,1,0,0,0,0,1,1,1
https://spotify.edu/docs,24,11,1,0,0,0,0,0,0,0,0,1,0,0,0,0,0
https://en.nptel.com/,21,12,2,0,0,0,0,1,0,0,0,1,0,0,0,0,0
https://shop.github.net/,24,15,2,0,0,0,0,1,0,0,0,1,0,0,0,0,1
http://qjsqcz0n.com/stackoverflow/account?user=04oae&token=7l0rcti8f3&redirect=4gadkt,85,12,1,0,0,8,0,0,5,0,0,0,0,0,1,0,1
http://irctc.com@k1djrwed.zip/webscr,36,12,2,0,0,1,0,0,0,1,0,0,0,0,1,1,1
https://www.apple.edu/search?q=item,35,13,2,0,0,0,0,1,1,0,0,1,0,0,0,0,0
https://shop.github.org,23,15,2,0,0,0,0,1,0,0,0,1,0,0,0,0,0
https://shop.wikipedia.org/home,31,18,2,0,0,0,0,1,0,0,0,1,0,0,0,0,0
https://shop.flipkart.io/,25,16,2,0,0,0,0,1,0,0,0,1,0,0,0,0,0
https://en.paypal.org/,22,13,2,0,0,0,0,1,0,0,0,1,0,0,0,0,0
https://shop.flipkart.in/docs,29,16,2,0,0,0,0,1,0,0,0,1,0,0,0,0,0
https://en.spotify.edu/about,28,14,2,0,0,0,0,1,0,0,0,1,0,0,0,0,0
https://www.stackoverflow.io/,29,20,2,0,0,0,0,1,0,0,0,1,0,0,0,0,0
http://flipkart-login-o06f.hrxjpt.com/login,43,30,2,2,0,2,0,1,0,0,0,0,0,1,1,0,1
https://en.microsoft.org/about,30,16,2,0,0,0,0,1,0,0,0,1,0,0,0,0,0
http://202.180.132.114/apple-confirm/2da89o,43,15,3,1,0,15,0,2,0,0,1,0,0,0,1,0,1
https://en.google.org/products,30,13,2,0,0,0,0,1,0,0,0,1,0,0,0,0,0
http://apple.com@0bjhppip.country/login,39,16,2,0,0,1,0,0,0,1,0,0,0,0,1,1,1
http://whgxmd7q.com/leetcode/secure?user=cq3za&token=8e83mtebdu&redirect=d8t7d2,79,12,1,0,0,8,0,0,5,0,0,0,0,0,1,0,1
http://flipkart.com@l8xafsum.tk/confirm,39,11,2,0,0,1,0,0,0,1,0,0,0,0,1,1,1
http://microsoft-update-tguk.tq5smv.com/update,46,32,2,2,0,1,0,1,0,0,0,0,0,0,1,0,1
http://nptelsecure.gq/secure.php,32,14,2,0,0,0,0,0,0,0,0,0,0,0,1,1,1
http://paypal.com@sxtdhdx1.zip/confirm,38,12,2,0,0,1,0,0,0,1,0,0,0,0,1,1,0
http://reddit-login-53xi.3c7g0a.com/login,41,28,2,2,0,5,0,1,0,0,0,0,0,0,1,0,0
http://tgc3v8mo.com/irctc/account?user=2tpx4&token=lpcx1avjvw&redirect=sq4rx9,77,12,1,0,0,7,0,0,5,0,0,0,0,0,1,0,1
http://apple.com@yvgv0e74.gq/update,35,11,2,0,0,3,0,0,0,1,0,0,0,0,1,1,1
https://irctc.com/search?q=item,31,9,1,0,0,0,0,0,1,0,0,1,0,0,0,0,0
https://shop.linkedin.org/products,34,17,2,0,0,0,0,1,0,0,0,1,0,0,0,0,0
https://shop.google.com/products,32,15,2,0,0,0,0,1,0,0,0,1,0,0,0,0,0
http://117.182.33.79/amazon-confirm/dli5vl,42,13,3,1,0,11,0,2,0,0,1,0,0,0,1,0,1
http://wikipedia-webscr-gfr2.7riu9m.com/webscr,46,32,2,2,0,3,0,1,0,0,0,0,0,0,1,0,1
https://google.net/search?q=item,32,10,1,0,0,0,0,0,1,0,0,1,0,0,0,0,0
https://nptel.in/search?q=item,30,8,1,0,0,0,0,0,1,0,0,1,0,0,0,0,0
http://leetcodesignin.kim/signin.php,36,18,2,0,0,0,0,0,0,0,0,0,0,0,1,1,1
https://paypal.edu,18,10,1,0,0,0,0,0,0,0,0,1,0,0,0,0,0
http://spotify.com@y6po0m24.tk/account,38,11,2,0,0,4,0,0,0,1,0,0,0,0,1,1,1
https://shop.paypal.com,23,15,2,0,0,0,0,1,0,0,0,1,0,0,0,0,0
http://microsoft-update-hgav.42t8ll.com/update,46,32,2,2,0,3,0,1,0,0,0,0,0,0,1,0,1
https://shop.google.in,22,14,2,0,0,0,0,1,0,0,0,1,0,0,0,0,0
http://t9wnjsle.com/reddit/login?user=u1s5n&token=18bypknxmf&redirect=h5e8fz,76,12,1,0,0,7,0,0,5,0,0,0,0,0,1,0,1
http://142.203.231.254/irctc-login/8lzf4n,41,15,3,1,0,14,0,2,0,0,1,0,0,0,1,0,1
http://cp52ay7o.com/spotify/confirm?user=v50ew&token=25x1fvk1pb&redirect=cd6fxn,79,12,1,0,0,10,0,0,5,0,0,0,0,0,1,0,1
https://leetcode.edu/about,26,12,1,0,0,0,0,0,0,0,0,1,0,0,0,0,0
http://q6srp7b4.com/coursera/secure?user=hjkwb&token=jpclmsp94r&redirect=wgkg5k,79,12,1,0,0,6,0,0,5,0,0,0,0,0,1,0,1
http://t3vhtn7s.com/paypal/update?user=u62j8&token=lbdsg1fbtw&redirect=tw4ixf,77,12,1,0,0,7,0,0,5,0,0,0,0,0,1,0,1
http://nptel.com@k8ye71tw.review/login,38,15,2,0,0,3,0,0,0,1,0,0,0,0,1,1,1
https://shop.leetcode.in/home,29,16,2,0,0,0,0,1,0,0,0,1,0,0,0,0,0
https://reddit.net/products,27,10,1,0,0,0,0,0,0,0,0,1,0,0,0,0,0
https://shop.reddit.io/home,27,14,2,0,0,0,0,1,0,0,0,1,0,0,0,0,0
https://shop.apple.in/,22,13,2,0,0,0,0,1,0,0,0,1,0,0,0,0,0
http://wikipediaconfirm.party/confirm.php,41,22,2,0,0,0,0,0,0,0,0,0,0,0,1,1,1
http://71.76.7.158/linkedin-signin/fi4cko,41,11,3,1,0,9,0,2,0,0,1,0,0,0,1,0,1
https://www.wikipedia.org/docs,30,17,2,0,0,0,0,1,0,0,0,1,0,0,0,0,0
https://www.flipkart.edu/home,29,16,2,0,0,0,0,1,0,0,0,1,0,0,0,0,0
https://google.com/search?q=item,32,10,1,0,0,0,0,0,1,0,0,1,0,0,0,0,1
http://irctc.com@tjl2fx35.science/confirm,41,16,2,0,0,3,0,0,0,1,0,0,0,0,1,1,1
https://en.leetcode.edu/products,32,15,2,0,0,0,0,1,0,0,0,1,0,0,0,0,0
https://apple.net/user/profile,30,9,1,0,0,0,0,0,0,0,0,1,0,0,0,0,0
http://irctcverify.gq/verify.php,32,14,2,0,0,0,0,0,0,0,0,0,0,0,1,1,1
https://en.apple.com/about,26,12,2,0,0,0,0,1,0,0,0,1,0,0,0,0,0
https://chase.org/user/profile,30,9,1,0,0,0,0,0,0,0,0,1,0,0,0,0,0
http://apple.com@jrx2n75w.science/login,39,16,2,0,0,3,0,0,0,1,0,0,0,0,1,1,1
http://vvwusxsh.com/coursera/secure?user=0ahpo&token=00zcmhfmtg&redirect=dlb3j5,79,12,1,0,0,5,0,0,5,0,0,0,0,0,1,0,1
http://linkedinsecure.zip/secure.php,36,18,2,0,0,0,0,0,0,0,0,0,0,0,1,1,1
https://www.coursera.com/,25,16,2,0,0,0,0,1,0,0,0,1,0,0,0,0,0
https://en.amazon.org/home,26,13,2,0,0,0,0,1,0,0,0,1,0,0,0,0,0
http://githubsignin.tk/signin.php,33,15,2,0,0,0,0,0,0,0,0,0,0,0,1,1,1
http://applewebscr.work/webscr.php,34,16,2,0,0,0,0,0,0,0,0,0,0,0,1,1,1
http://netflix.com@52zbrd39.party/secure,40,14,2,0,0,4,0,0,0,1,0,0,0,0,1,1,1
http://courserasecure.science/secure.php,40,22,2,0,0,0,0,0,0,0,0,0,0,0,1,1,1
http://googlelogin.review/login.php,35,18,2,0,0,0,0,0,0,0,0,0,0,0,1,1,1
https://en.netflix.com/products,31,14,2,0,0,0,0,1,0,0,0,1,0,0,0,0,0
http://1.40.155.226/netflix-verify/edhr3p,41,12,3,1,0,10,0,2,0,0,1,0,0,0,1,0,1
https://shop.nptel.org/about,28,14,2,0,0,0,0,1,0,0,0,1,0,0,0,0,0
https://www.github.in/user/profile,34,13,2,0,0,0,0,1,0,0,0,1,0,0,0,0,0
http://144.253.95.235/nptel-secure/pu4egj,41,14,3,1,0,12,0,2,0,0,1,0,0,0,1,0,1
https://reddit.net,18,10,1,0,0,0,0,0,0,0,0,1,0,0,0,0,0
https://shop.microsoft.edu/search?q=item,40,18,2,0,0,0,0,1,1,0,0,1,0,0,0,0,0
http://appleconfirm.review/confirm.php,38,19,2,0,0,0,0,0,0,0,0,0,0,0,1,1,0
http://20.84.96.10/stackoverflow-webscr/f9w5n9,46,11,3,1,0,11,0,2,0,0,1,0,0,0,1,0,1
http://apple.com@mtgn9t8j.gq/verify,35,11,2,0,0,2,0,0,0,1,0,0,0,0,1,1,1
http://googlelogin.work/login.php,33,16,2,0,0,0,0,0,0,0,0,0,0,0,1,1,1
https://en.spotify.net/products,31,14,2,0,0,0,0,1,0,0,0,1,0,0,0,0,0
https://www.stackoverflow.net,29,21,2,0,0,0,0,1,0,0,0,1,0,0,0,0,0
https://www.microsoft.org,25,17,2,0,0,0,0,1,0,0,0,1,0,0,0,0,0
http://google.com@e6zvlhyl.review/webscr,40,15,2,0,0,1,0,0,0,1,0,0,0,0,1,1,1
https://en.github.io/home,25,12,2,0,0,0,0,1,0,0,0,1,0,0,0,0,0
https://microsoft.org/user/profile,34,13,1,0,0,0,0,0,0,0,0,1,0,0,0,0,0
http://ven2z7mb.com/reddit/confirm?user=41g87&token=7fxv7a7kx7&redirect=mr9vqi,78,12,1,0,0,11,0,0,5,0,0,0,0,0,1,0,1
http://nt9zsuv4.com/chase/secure?user=1amis&token=u1o67u61o8&redirect=5vo1tk,76,12,1,0,0,11,0,0,5,0,0,0,0,0,1,0,1
http://coursera.com@qfq9n04f.review/webscr,42,15,2,0,0,3,0,0,0,1,0,0,0,0,1,1,1
http://coursera.com@de7nqwho.review/secure,42,15,2,0,0,1,0,0,0,1,0,0,0,0,1,1,1
https://www.microsoft.io/home,29,16,2,0,0,0,0,1,0,0,0,1,0,0,0,0,0
http://bhwtgdk4.com/paypal/account?user=snv9r&token=r49hqwp8xf&redirect=ans0gn,78,12,1,0,0,6,0,0,5,0,0,0,0,0,1,0,1
http://flipkartconfirm.review/confirm.php,41,22,2,0,0,0,0,0,0,0,0,0,0,0,1,1,1
https://shop.netflix.io/search?q=item,37,15,2,0,0,0,0,1,1,0,0,1,0,0,0,0,0
https://shop.coursera.edu/home,30,17,2,0,0,0,0,1,0,0,0,1,0,0,0,0,1
http://netflix-account-jxcm.lzti89.com/account,46,31,2,2,0,2,0,1,0,0,0,0,0,0,1,0,1
https://www.nptel.io,20,12,2,0,0,0,0,1,0,0,0,1,0,0,0,0,0
http://85.238.209.14/irctc-signin/obopab,40,13,3,1,0,10,0,2,0,0,1,0,0,0,1,0,1
http://microsoftsecure.review/secure.php,40,22,2,0,0,0,0,0,0,0,0,0,0,0,1,1,1
https://www.microsoft.com,25,17,2,0,0,0,0,1,0,0,0,1,0,1,0,0,0
https://en.google.in/products,29,12,2,0,0,0,0,1,0,0,0,1,0,0,0,0,0
https://en.microsoft.edu/home,29,16,2,0,0,0,0,1,0,0,0,1,0,0,0,0,0
http://reddit-account-ojsy.t5wsgr.com/account,45,30,2,2,0,1,0,1,0,0,0,0,0,0,1,0,1
http://ejaxvt7c.com/coursera/webscr?user=z14wj&token=ai9c2bvs3k&redirect=337ov9,79,12,1,0,0,10,0,0,5,0,0,0,0,0,1,0,1
http://github-signin-342p.0kqd8u.com/signin,43,29,2,2,0,5,0,1,0,0,0,0,0,0,1,0,1
http://0c148mo6.com/coursera/login?user=4e51o&token=762nkys30u&redirect=7frzud,78,12,1,0,0,14,0,0,5,0,0,0,0,0,1,0,1
https://en.amazon.com/docs,26,13,2,0,0,0,0,1,0,0,0,1,0,0,0,0,0
https://shop.leetcode.edu/products,34,17,2,0,0,0,0,1,0,0,0,1,0,0,0,0,0
http://netflix-login-46ay.n2d7ki.com/login,42,29,2,2,0,4,0,1,0,0,0,0,0,0,1,0,1
http://linkedin.com@k99bv2j3.gq/account,39,11,2,0,0,4,0,0,0,1,0,0,0,0,1,1,1
http://leetcodeupdate.country/update.php,40,22,2,0,0,0,0,0,0,0,0,0,0,0,1,1,1
https://en.linkedin.net/products,32,15,2,0,0,0,0,1,0,0,0,1,0,0,0,0,0
http://coursera-secure-cef2.ctg08z.com/secure,45,31,2,2,0,3,0,1,0,0,0,0,0,0,1,0,1
http://chaseverify.science/verify.php,37,19,2,0,0,0,0,0,0,0,0,0,0,0,1,1,1
https://en.nptel.org,20,12,2,0,0,0,0,1,0,0,0,1,0,0,0,0,0
http://appleconfirm.party/confirm.php,37,18,2,0,0,0,0,0,0,0,0,0,0,0,1,1,1
http://paypalsignin.country/signin.php,38,20,2,0,0,0,0,0,0,0,0,0,0,0,1,1,1
https://en.wikipedia.org/user/profile,37,16,2,0,0,0,0,1,0,0,0,1,0,0,0,0,0
http://amazon.com@vqzmf4v5.kim/webscr,37,12,2,0,0,2,0,0,0,1,0,0,0,0,1,1,1
https://en.stackoverflow.com/,29,20,2,0,0,0,0,1,0,0,0,1,0,0,0,0,0
http://microsoft-account-oz2r.cu8kd9.com/account,48,33,2,2,0,3,0,1,0,0,0,0,0,0,1,0,1
https://en.irctc.net/,21,12,2,0,0,0,0,1,0,0,0,1,0,0,0,0,0
http://84.47.45.40/netflix-secure/uuw058,40,11,3,1,0,11,0,2,0,0,1,0,0,0,1,0,1
https://en.paypal.in/about,26,12,2,0,0,0,0,1,0,0,0,1,0,0,0,0,0
https://en.spotify.net/home,27,14,2,0,0,0,0,1,0,0,0,1,0,0,0,0,0
https://www.leetcode.io/home,28,15,2,0,0,0,0,1,0,0,0,1,0,0,0,0,0
https://shop.apple.edu/home,27,14,2,0,0,0,0,1,0,0,0,1,0,0,0,0,0
https://shop.irctc.net/user/profile,35,14,2,0,0,0,0,1,0,0,0,1,0,0,0,0,0
http://coursera-account-kx1s.9xka4l.com/account,47,32,2,2,0,3,0,1,0,0,0,0,0,0,1,0,1
https://amazon.org/search?q=item,32,10,1,0,0,0,0,0,1,0,0,1,0,0,0,0,0
https://microsoft.io,20,12,1,0,0,0,0,0,0,0,0,1,0,0,0,0,0
http://202.17.22.6/stackoverflow-login/a5b4l6,45,11,3,1,0,11,0,2,0,0,1,0,0,0,1,0,1
http://13.60.70.236/nptel-account/k8jv7o,40,12,3,1,0,11,0,2,0,0,1,0,0,0,1,0,1
https://shop.leetcode.edu/user/profile,38,17,2,0,0,0,0,1,0,0,0,1,0,0,0,0,0
http://irctc-secure-8ev2.nynmqo.com/secure,42,28,2,2,0,2,0,1,0,0,0,0,0,0,1,0,1
https://shop.flipkart.net/about,31,17,2,0,0,0,0,1,0,0,0,1,0,0,0,0,0
http://leetcode.com@s7nvv28u.review/signin,42,15,2,0,0,3,0,0,0,1,0,0,0,0,1,1,1
http://wikipedia-verify-6iz8.er6u0e.com/verify,46,32,2,2,0,4,0,1,0,0,0,0,0,0,1,0,1
http://leetcode-verify-dy0v.qxo2dw.com/verify,45,31,2,2,0,2,0,1,0,0,0,0,0,0,1,0,1
https://en.amazon.edu/user/profile,34,13,2,0,0,0,0,1,0,0,0,1,0,0,0,0,0
https://shop.github.org/search?q=item,37,15,2,0,0,0,0,1,1,0,0,1,0,0,0,0,0
https://paypal.com/,19,10,1,0,0,0,0,0,0,0,0,1,0,0,0,0,1
https://en.coursera.net/home,28,15,2,0,0,0,0,1,0,0,0,1,0,0,0,0,0
http://coursera.com@p3vgvfhz.gq/login,37,11,2,0,0,1,0,0,0,1,0,0,0,0,1,1,1
http://amazon-signin-3wz5.i4ebo2.com/signin,43,29,2,2,0,4,0,1,0,0,0,0,0,0,1,0,1
http://flipkart-account-l03l.lu1a7b.com/account,47,32,2,2,0,4,0,1,0,0,0,0,0,0,1,0,1
https://shop.leetcode.net/docs,30,17,2,0,0,0,0,1,0,0,0,1,0,0,0,0,0
http://2e4f4n3z.com/amazon/account?user=a0co7&token=6o8qhe4qgf&redirect=ulz2ad,78,12,1,0,0,10,0,0,5,0,0,0,0,0,1,0,1
http://leetcode-verify-7ht7.ryme6p.com/verify,45,31,2,2,0,3,0,1,0,0,0,0,0,0,1,0,1
https://flipkart.org,20,12,1,0,0,0,0,0,0,0,0,1,0,0,0,0,0
https://shop.linkedin.io/search?q=item,38,16,2,0,0,0,0,1,1,0,0,1,0,0,0,0,0
https://shop.netflix.in/products,32,15,2,0,0,0,0,1,0,0,0,1,0,0,0,0,0
https://www.amazon.com/search?q=item,36,14,2,0,0,0,0,1,1,0,0,1,0,0,0,0,0
http://applelogin.gq/login.php,30,13,2,0,0,0,0,0,0,0,0,0,0,0,1,1,1
https://www.spotify.io/,23,14,2,0,0,0,0,1,0,0,0,1,0,0,0,0,0
http://rdb103gw.com/google/signin?user=7s43i&token=cev8e7zmvu&redirect=tiymr0,77,12,1,0,0,9,0,0,5,0,0,0,0,0,1,0,0
http://stackoverflowupdate.science/update.php,45,27,2,0,0,0,0,0,0,0,0,0,0,0,1,1,1
https://en.github.edu/search?q=item,35,13,2,0,0,0,0,1,1,0,0,1,0,0,0,0,0
http://linkedin.com@99106ak3.work/update,40,13,2,0,0,6,0,0,0,1,0,0,0,0,1,1,1
https://www.linkedin.org/,25,16,2,0,0,0,0,1,0,0,0,1,0,0,0,0,0
https://shop.spotify.edu/products,33,16,2,0,0,0,0,1,0,0,0,1,0,0,0,0,0
http://krt0igyo.com/leetcode/account?user=5l28o&token=5qf0n852n5&redirect=fnp36f,80,12,1,0,0,12,0,0,5,0,0,0,0,0,1,0,1
http://goqmk31r.com/paypal/account?user=tmpv5&token=lmq15fbs4w&redirect=vt3f2f,78,12,1,0,0,8,0,0,5,0,0,0,0,0,1,0,1
https://en.github.edu/,22,13,2,0,0,0,0,1,0,0,0,1,0,0,0,0,0
https://www.linkedin.in/search?q=item,37,15,2,0,0,0,0,1,1,0,0,1,0,0,0,0,0
https://shop.stackoverflow.io/,30,21,2,0,0,0,0,1,0,0,0,1,0,0,0,0,0
http://176.102.35.248/spotify-login/h8uxz3,42,14,3,1,0,13,0,2,0,0,1,0,0,0,1,0,0
http://aoz4v5bv.com/microsoft/login?user=h2vft&token=6i6s7pk67i&redirect=lplsos,79,12,1,0,0,8,0,0,5,0,0,0,0,0,1,0,1
https://chase.com/about,23,9,1,0,0,0,0,0,0,0,0,1,0,0,0,0,0
https://shop.apple.com/products,31,14,2,0,0,0,0,1,0,0,0,1,0,0,0,0,0
http://chase.com@384xg08g.gq/confirm,36,11,2,0,0,5,0,0,0,1,0,0,0,0,1,1,1
http://stackoverflow-login-ymwr.03v867.com/login,48,35,2,2,0,5,0,1,0,0,0,0,0,0,1,0,1
https://shop.leetcode.edu/,26,17,2,0,0,0,0,1,0,0,0,1,0,0,0,0,0
https://www.google.com,22,14,2,0,0,0,0,1,0,0,0,1,0,0,0,0,1
http://apple-signin-jzm3.618leu.com/signin,42,28,2,2,0,4,0,1,0,0,0,0,0,0,1,0,1
http://paypal-update-8ve0.0h2k2p.com/update,43,29,2,2,0,5,0,1,0,0,0,0,0,0,1,0,1
http://apple-verify-trc8.5ehpzr.com/verify,42,28,2,2,0,2,0,1,0,0,0,0,0,0,1,0,1
http://rhgr8cp1.com/google/login?user=1gbz3&token=0v0vsgqg03&redirect=4l4kv2,76,12,1,0,0,11,0,0,5,0,0,0,0,0,1,0,1
http://microsoftverify.party/verify.php,39,21,2,0,0,0,0,0,0,0,0,0,0,0,1,1,1
https://shop.netflix.net/about,30,16,2,0,0,0,0,1,0,0,0,1,0,0,0,0,0
https://shop.spotify.in/products,32,15,2,0,0,0,0,1,0,0,0,1,0,0,0,0,0
http://spotify.com@zj8xkv4v.gq/signin,37,11,2,0,0,2,0,0,0,1,0,0,0,0,1,1,1
http://187.178.241.33/microsoft-update/jr8mtk,45,14,3,1,0,12,0,2,0,0,1,0,0,0,1,0,1
https://www.chase.edu/home,26,13,2,0,0,0,0,1,0,0,0,1,0,0,0,0,0
https://en.amazon.com/search?q=item,35,13,2,0,0,0,0,1,1,0,0,1,0,0,0,0,0
http://irctclogin.cricket/login.php,35,18,2,0,0,0,0,0,0,0,0,0,0,0,1,1,1
http://paypal-webscr-50op.7xmr8f.com/webscr,43,29,2,2,0,4,0,1,0,0,0,0,0,0,1,0,1
http://epyohakc.com/coursera/webscr?user=37wmf&token=pta7ls9b7r&redirect=y0cgq4,79,12,1,0,0,7,0,0,5,0,0,0,0,0,1,0,1
http://flipkart-update-2sot.h4mvkq.com/update,45,31,2,2,0,2,0,1,0,0,0,0,0,0,1,0,1
https://paypal.com/,19,10,1,0,0,0,0,0,0,0,0,1,0,0,0,0,0
https://www.github.net/home,27,14,2,0,0,0,0,1,0,0,0,1,0,0,0,0,0
https://linkedin.org/products,29,12,1,0,0,0,0,0,0,0,0,1,0,0,0,0,0
https://google.io/,18,9,1,0,0,0,0,0,0,0,0,1,0,0,0,0,0
https://www.leetcode.edu/home,29,16,2,0,0,0,0,1,0,0,0,1,0,0,0,0,0
http://di2qg6tu.com/chase/confirm?user=q54x1&token=i5482q78e5&redirect=sfe0x7,77,12,1,0,0,14,0,0,5,0,0,0,0,0,1,0,1
https://leetcode.io,19,11,1,0,0,0,0,0,0,0,0,1,0,0,0,0,0
http://chase-account-2ug0.5wh23g.com/account,44,29,2,2,0,5,0,1,0,0,0,0,0,0,1,0,1
http://nr4glgpj.com/irctc/signin?user=djhmx&token=cqdj5cuyda&redirect=9all2u,76,12,1,0,0,4,0,0,5,0,0,0,0,0,1,0,1
https://en.microsoft.net,24,16,2,0,0,0,0,1,0,0,0,1,0,0,0,0,0
http://ur4pu6w9.com/reddit/secure?user=3k8ek&token=t292mi560t&redirect=ohxwed,77,12,1,0,0,11,0,0,5,0,0,0,0,0,1,0,1
https://leetcode.com/user/profile,33,12,1,0,0,0,0,0,0,0,0,1,0,0,0,0,0
https://www.stackoverflow.org/,30,21,2,0,0,0,0,1,0,0,0,1,0,0,0,0,0
https://shop.reddit.in/home,27,14,2,0,0,0,0,1,0,0,0,1,0,0,0,0,0
https://shop.amazon.io,22,14,2,0,0,0,0,1,0,0,0,1,0,0,0,0,0
https://en.leetcode.com/home,28,15,2,0,0,0,0,1,0,0,0,1,0,0,0,0,0
https://shop.stackoverflow.in/user/profile,42,21,2,0,0,0,0,1,0,0,0,1,0,0,0,0,0
https://www.flipkart.org/docs,29,16,2,0,0,0,0,1,0,0,0,1,0,0,0,0,0
http://234.48.54.211/reddit-login/a3vmot,40,13,3,1,0,11,0,2,0,0,1,0,0,0,1,0,1
https://en.chase.in/search?q=item,33,11,2,0,0,0,0,1,1,0,0,1,0,0,0,0,0
http://paypal.com@hshv1y04.cricket/webscr,41,16,2,0,0,3,0,0,0,1,0,0,0,0,1,1,1
http://40.206.79.96/google-login/xv5cix,39,12,3,1,0,10,0,2,0,0,1,0,0,0,1,0,1
https://www.amazon.in/about,27,13,2,0,0,0,0,1,0,0,0,1,0,0,0,0,0
https://paypal.edu/user/profile,31,10,1,0,0,0,0,0,0,0,0,1,0,0,0,0,0
http://stackoverflow-confirm-4r40.e0gzgx.com/confirm,52,37,2,2,0,4,0,1,0,0,0,0,0,0,1,0,1
http://251.236.177.143/wikipedia-webscr/49dz8f,46,15,3,1,0,15,0,2,0,0,1,0,0,0,1,0,1
https://shop.spotify.net/about,30,16,2,0,0,0,0,1,0,0,0,1,0,0,0,0,0
http://paypal.com@5tfu2snx.review/verify,40,15,2,0,0,2,0,0,0,1,0,0,0,0,1,1,1
http://githubsignin.tk/signin.php,33,15,2,0,0,0,0,0,0,0,0,0,0,0,1,1,1
http://sj5ywx0i.com/chase/verify?user=3a4kf&token=ocnqdqx6qd&redirect=0771hl,76,12,1,0,0,9,0,0,5,0,0,0,0,0,1,0,1
http://courseraaccount.gq/account.php,37,18,2,0,0,0,0,0,0,0,0,0,0,0,1,1,1
http://211.92.57.188/paypal-login/8g8t92,40,13,3,1,0,14,0,2,0,0,1,0,0,0,1,0,1
https://nptel.org/user/profile,30,9,1,0,0,0,0,0,0,0,0,1,0,0,0,0,0
http://1id9vvn5.com/nptel/secure?user=x48pw&token=5k0jjsp49c&redirect=d3irvx,76,12,1,0,0,10,0,0,5,0,0,0,0,0,1,0,1
http://leetcodelogin.work/login.php,35,18,2,0,0,0,0,0,0,0,0,0,0,0,1,1,1
https://shop.microsoft.com/about,32,18,2,0,0,0,0,1,0,0,0,1,0,1,0,0,0
http://wikipedia.com@4m41kht8.kim/account,41,12,2,0,0,4,0,0,0,1,0,0,0,0,1,1,1
http://eut4iec1.com/leetcode/signin?user=g7h6j&token=jlvwgj9y56&redirect=ca037f,79,12,1,0,0,10,0,0,5,0,0,0,0,0,1,0,1
http://75.75.136.164/nptel-account/7s1gd1,41,13,3,1,0,13,0,2,0,0,1,0,0,0,1,0,1
https://shop.wikipedia.edu,26,18,2,0,0,0,0,1,0,0,0,1,0,0,0,0,0
http://reddit.com@689mw68m.kim/confirm,38,12,2,0,0,5,0,0,0,1,0,0,0,0,1,1,1
http://spotify.com@3ij4qpvc.country/account,43,16,2,0,0,2,0,0,0,1,0,0,0,0,1,1,0
http://github-signin-8tre.9qdi3g.com/signin,43,29,2,2,0,3,0,1,0,0,0,0,0,0,1,0,1
https://shop.linkedin.org,25,17,2,0,0,0,0,1,0,0,0,1,0,0,0,0,0
https://www.amazon.net,22,14,2,0,0,0,0,1,0,0,0,1,0,0,0,0,0
https://en.spotify.in/search?q=item,35,13,2,0,0,0,0,1,1,0,0,1,0,0,0,0,0
http://170.210.12.61/reddit-update/bf4het,41,13,3,1,0,11,0,2,0,0,1,0,0,0,1,0,1
https://shop.nptel.in/user/profile,34,13,2,0,0,0,0,1,0,0,0,1,0,0,0,0,0
http://githubaccount.science/account.php,40,21,2,0,0,0,0,0,0,0,0,0,0,0,1,1,1
https://spotify.in/search?q=item,32,10,1,0,0,0,0,0,1,0,0,1,0,0,0,0,0
https://shop.irctc.edu/products,31,14,2,0,0,0,0,1,0,0,0,1,0,0,0,0,0
https://shop.paypal.edu/search?q=item,37,15,2,0,0,0,0,1,1,0,0,1,0,0,0,0,0
http://coursera.com@ipt6ur9x.party/login,40,14,2,0,0,2,0,0,0,1,0,0,0,0,1,1,1
http://wikipediasignin.zip/signin.php,37,19,2,0,0,0,0,0,0,0,0,0,0,0,1,1,1
https://en.reddit.io/search?q=item,34,12,2,0,0,0,0,1,1,0,0,1,0,0,0,0,0
https://www.microsoft.com/user/profile,38,17,2,0,0,0,0,1,0,0,0,1,0,1,0,0,0
https://www.coursera.com/about,30,16,2,0,0,0,0,1,0,0,0,1,0,0,0,0,1
https://en.microsoft.io/about,29,15,2,0,0,0,0,1,0,0,0,1,0,0,0,0,0
https://en.linkedin.net/about,29,15,2,0,0,0,0,1,0,0,0,1,0,0,0,0,0
http://microsoft-confirm-zhcm.z2rno6.com/confirm,48,33,2,2,0,2,0,1,0,0,0,0,0,0,1,0,1
https://www.google.net/products,31,14,2,0,0,0,0,1,0,0,0,1,0,0,0,0,0
http://bl7vjuz5.com/linkedin/signin?user=pfbce&token=5z3ztds7xs&redirect=v18f6f,79,12,1,0,0,8,0,0,5,0,0,0,0,0,1,0,1
http://cq6fwtv1.com/google/login?user=djjzq&token=fe8e5tnlzt&redirect=wxol4b,76,12,1,0,0,5,0,0,5,0,0,0,0,0,1,0,1
http://124.96.60.185/wikipedia-update/o74jly,44,13,3,1,0,12,0,2,0,0,1,0,0,0,1,0,1
https://shop.amazon.edu/home,28,15,2,0,0,0,0,1,0,0,0,1,0,0,0,0,0
http://20.53.246.113/chase-login/mmferf,39,13,3,1,0,10,0,2,0,0,1,0,0,0,1,0,1
http://168.100.127.37/stackoverflow-webscr/ga3l71,49,14,3,1,0,14,0,2,0,0,1,0,0,0,1,0,1
https://shop.stackoverflow.in/about,35,21,2,0,0,0,0,1,0,0,0,1,0,0,0,0,0
http://38efe9va.com/leetcode/update?user=r2pz6&token=ntpbpzcd5x&redirect=rsi7ea,79,12,1,0,0,7,0,0,5,0,0,0,0,0,1,0,1
https://en.linkedin.com/user/profile,36,15,2,0,0,0,0,1,0,0,0,1,0,0,0,0,0
http://19.190.236.91/paypal-verify/86w0p1,41,13,3,1,0,14,0,2,0,0,1,0,0,0,1,0,1
https://google.net/products,27,10,1,0,0,0,0,0,0,0,0,1,0,0,0,0,1
https://en.reddit.io/,21,12,2,0,0,0,0,1,0,0,0,1,0,0,0,0,0
https://www.irctc.com/docs,26,13,2,0,0,0,0,1,0,0,0,1,0,0,0,0,0
https://www.amazon.com/user/profile,35,14,2,0,0,0,0,1,0,0,0,1,0,0,0,0,0
http://205.155.253.198/leetcode-update/gpo1qm,45,15,3,1,0,13,0,2,0,0,1,0,0,0,1,0,1
https://www.apple.io,20,12,2,0,0,0,0,1,0,0,0,1,0,0,0,0,0
http://coursera-signin-a3kl.0n4l6b.com/signin,45,31,2,2,0,4,0,1,0,0,0,0,0,0,1,0,1
http://leetcode-login-ah3g.dhvs41.com/login,43,30,2,2,0,3,0,1,0,0,0,0,0,0,1,0,1
http://googlelogin.tk/login.php,31,14,2,0,0,0,0,0,0,0,0,0,0,0,1,1,1
http://j3ct5q51.com/linkedin/secure?user=73c7q&token=25y7khg4g7&redirect=nie3fk,79,12,1,0,0,13,0,0,5,0,0,0,0,0,1,0,1
http://paypal.com@q818gsvp.kim/login,36,12,2,0,0,3,0,0,0,1,0,0,0,0,1,1,1
https://en.irctc.in/user/profile,32,11,2,0,0,0,0,1,0,0,0,1,0,0,0,0,0
https://www.google.net/products,31,14,2,0,0,0,0,1,0,0,0,1,0,0,0,0,0
http://nptel-verify-8ur6.tiaron.com/verify,42,28,2,2,0,2,0,1,0,0,0,0,0,0,1,0,1
https://www.netflix.net/docs,28,15,2,0,0,0,0,1,0,0,0,1,0,0,0,0,0
http://71.215.116.175/microsoft-webscr/enbd0v,45,14,3,1,0,12,0,2,0,0,1,0,0,0,1,0,1
https://amazon.net/,19,10,1,0,0,0,0,0,0,0,0,1,0,0,0,0,0
https://github.io/user/profile,30,9,1,0,0,0,0,0,0,0,0,1,0,0,0,0,0
https://www.chase.io/,21,12,2,0,0,0,0,1,0,0,0,1,0,0,0,0,0
http://sz9hpcpb.com/amazon/signin?user=dn7zi&token=6gaxlkkvpj&redirect=rmeyy1,77,12,1,0,0,4,0,0,5,0,0,0,0,0,1,0,1
http://github-webscr-ua1q.rdlfwd.com/webscr,43,29,2,2,0,1,0,1,0,0,0,0,0,0,1,0,1
https://shop.google.com/products,32,15,2,0,0,0,0,1,0,0,0,1,0,0,0,0,0
http://irctc-confirm-j63x.vfiud9.com/confirm,44,29,2,2,0,3,0,1,0,0,0,0,0,0,1,0,1
http://apple.com@bcpweijm.science/secure,40,16,2,0,0,0,0,0,0,1,0,0,0,0,1,1,1
https://shop.leetcode.net,25,17,2,0,0,0,0,1,0,0,0,1,0,0,0,0,0
https://wikipedia.org/docs,26,13,1,0,0,0,0,0,0,0,0,1,0,0,0,0,0
https://stackoverflow.io/home,29,16,1,0,0,0,0,0,0,0,0,1,0,0,0,0,0
http://leetcodesignin.cricket/signin.php,40,22,2,0,0,0,0,0,0,0,0,0,0,0,1,1,1
https://shop.linkedin.org/about,31,17,2,0,0,0,0,1,0,0,0,1,0,0,0,0,0
http://nptelsecure.cricket/secure.php,37,19,2,0,0,0,0,0,0,0,0,0,0,0,1,1,1
http://stackoverflow.com@3dhtg1d9.work/confirm,46,13,2,0,0,3,0,0,0,1,0,0,0,0,1,1,0
http://iabc2t67.com/amazon/update?user=a5012&token=1xrutt247o&redirect=0gxapl,77,12,1,0,0,12,0,0,5,0,0,0,0,0,1,0,1
http://179.155.57.189/reddit-account/vez9rt,43,14,3,1,0,12,0,2,0,0,1,0,0,0,1,0,1
http://stackoverflow-account-iffv.mam3jk.com/account,52,37,2,2,0,1,0,1,0,0,0,0,0,0,1,0,1
https://en.paypal.io/user/profile,33,12,2,0,0,0,0,1,0,0,0,1,0,0,0,0,0
http://12.18.102.182/paypal-login/3fasem,40,13,3,1,0,11,0,2,0,0,1,0,0,0,1,0,1
https://linkedin.net/home,25,12,1,0,0,0,0,0,0,0,0,1,0,0,0,0,0
https://shop.google.in/search?q=item,36,14,2,0,0,0,0,1,1,0,0,1,0,0,0,0,0
https://nptel.in/docs,21,8,1,0,0,0,0,0,0,0,0,1,0,0,0,0,0
http://googlesignin.country/signin.php,38,20,2,0,0,0,0,0,0,0,0,0,0,0,1,1,1
http://irctc-webscr-jnmy.k8516s.com/webscr,42,28,2,2,0,4,0,1,0,0,0,0,0,0,1,0,1
http://8nixc6od.com/linkedin/webscr?user=r9hou&token=nkp9j1plih&redirect=uy7ew1,79,12,1,0,0,7,0,0,5,0,0,0,0,0,1,0,1
http://amazonlogin.review/login.php,35,18,2,0,0,0,0,0,0,0,0,0,0,0,1,1,0
https://shop.nptel.io,21,13,2,0,0,0,0,1,0,0,0,1,0,0,0,0,0
http://231.3.173.45/google-webscr/o6z1t2,40,12,3,1,0,12,0,2,0,0,1,0,0,0,1,0,1
https://google.edu/,19,10,1,0,0,0,0,0,0,0,0,1,0,0,0,0,0
http://vgzsxjzv.com/leetcode/signin?user=uv3cb&token=0ixryli172&redirect=d50n97,79,12,1,0,0,9,0,0,5,0,0,0,0,0,1,0,1
http://apple-verify-6vnx.npsv8d.com/verify,42,28,2,2,0,2,0,1,0,0,0,0,0,0,1,0,1
http://237.75.2.232/irctc-update/i33993,39,12,3,1,0,14,0,2,0,0,1,0,0,0,1,0,1
http://irctcwebscr.review/webscr.php,36,18,2,0,0,0,0,0,0,0,0,0,0,0,1,1,1
http://microsoft.com@ukqhpzca.zip/signin,40,12,2,0,0,0,0,0,0,1,0,0,0,0,1,1,1
http://coursera.com@t9967st8.science/update,43,16,2,0,0,5,0,0,0,1,0,0,0,0,1,1,1
http://linkedin-confirm-7w8c.of3138.com/confirm,47,32,2,2,0,6,0,1,0,0,0,0,0,0,1,0,1
http://leetcode-secure-fjqi.gyvzwd.com/secure,45,31,2,2,0,0,0,1,0,0,0,0,0,0,1,0,1
http://amazonsecure.science/secure.php,38,20,2,0,0,0,0,0,0,0,0,0,0,0,1,1,1
http://applewebscr.tk/webscr.php,32,14,2,0,0,0,0,0,0,0,0,0,0,0,1,1,1
https://shop.irctc.edu,22,14,2,0,0,0,0,1,0,0,0,1,0,0,0,0,0
https://shop.stackoverflow.in/,30,21,2,0,0,0,0,1,0,0,0,1,0,0,0,0,0
https://www.flipkart.org/about,30,16,2,0,0,0,0,1,0,0,0,1,0,0,0,0,0
http://101.236.210.41/reddit-webscr/7u9ssb,42,14,3,1,0,13,0,2,0,0,1,0,0,0,1,0,1
https://www.linkedin.in/user/profile,36,15,2,0,0,0,0,1,0,0,0,1,0,0,0,0,1
http://paypal-webscr-4ejh.xptued.com/webscr,43,29,2,2,0,1,0,1,0,0,0,0,0,0,1,0,1
https://shop.chase.io/docs,26,13,2,0,0,0,0,1,0,0,0,1,0,0,0,0,0
https://shop.wikipedia.org/user/profile,39,18,2,0,0,0,0,1,0,0,0,1,0,0,0,0,0
http://irctcsignin.gq/signin.php,32,14,2,0,0,0,0,0,0,0,0,0,0,0,1,1,1
http://microsoft.com@lux6ldm6.country/webscr,44,16,2,0,0,2,0,0,0,1,0,0,0,0,1,1,1
https://www.linkedin.org/home,29,16,2,0,0,0,0,1,0,0,0,1,0,0,0,0,0
http://irctcaccount.review/account.php,38,19,2,0,0,0,0,0,0,0,0,0,0,0,1,1,1
https://leetcode.net,20,12,1,0,0,0,0,0,0,0,0,1,0,0,0,0,0
https://leetcode.io/docs,24,11,1,0,0,0,0,0,0,0,0,1,0,0,0,0,0
http://7vo79i3e.com/leetcode/webscr?user=vjn2j&token=6bvvbbbvmi&redirect=a63ymd,79,12,1,0,0,8,0,0,5,0,0,0,0,0,1,0,1
http://218.80.168.231/wikipedia-login/76bt3p,44,14,3,1,0,14,0,2,0,0,1,0,0,0,1,0,1
https://shop.paypal.org/,24,15,2,0,0,0,0,1,0,0,0,1,0,0,0,0,0
http://github.com@ubkpiqnh.party/webscr,39,14,2,0,0,0,0,0,0,1,0,0,0,0,1,1,1
https://apple.edu/docs,22,9,1,0,0,0,0,0,0,0,0,1,0,0,0,0,0
http://githubconfirm.gq/confirm.php,35,16,2,0,0,0,0,0,0,0,0,0,0,0,1,1,1
http://microsoft.com@k4aglbd0.party/account,43,14,2,0,0,2,0,0,0,1,0,0,0,0,1,1,1
http://chase-account-eh81.a4rkgj.com/account,44,29,2,2,0,3,0,1,0,0,0,0,0,0,1,0,1
https://flipkart.org/about,26,12,1,0,0,0,0,0,0,0,0,1,0,0,0,0,0
http://68.197.76.183/leetcode-update/cu5x0h,43,13,3,1,0,12,0,2,0,0,1,0,0,0,1,0,1
https://paypal.edu,18,10,1,0,0,0,0,0,0,0,0,1,0,0,0,0,0
http://coursera-update-linh.8jv7fx.com/update,45,31,2,2,0,2,0,1,0,0,0,0,0,0,1,0,1
https://leetcode.io/docs,24,11,1,0,0,0,0,0,0,0,0,1,0,0,0,0,0
http://bbt873lk.com/apple/secure?user=mgs6r&token=v9777tnqet&redirect=mni3go,76,12,1,0,0,9,0,0,5,0,0,0,0,0,1,0,1
http://tdo1dfst.com/netflix/login?user=s3yqf&token=bz9zqhbqiq&redirect=icb5nt,77,12,1,0,0,4,0,0,5,0,0,0,0,1,1,0,1
http://google-login-f8lw.vv59ho.com/login,41,28,2,2,0,3,0,1,0,0,0,0,0,0,1,0,1
https://netflix.edu/,20,11,1,0,0,0,0,0,0,0,0,1,0,0,0,0,0
http://wvvskp30.com/spotify/secure?user=tx8j1&token=ccm0w3c1za&redirect=0dv6ny,78,12,1,0,0,9,0,0,5,0,0,0,0,0,1,0,1
http://139.71.253.5/paypal-confirm/9i7zfc,41,12,3,1,0,11,0,2,0,0,1,0,0,0,1,0,1
http://80.155.19.207/microsoft-login/es1kti,43,13,3,1,0,11,0,2,0,0,1,0,0,0,1,0,1
https://shop.amazon.edu/search?q=item,37,15,2,0,0,0,0,1,1,0,0,1,0,0,0,0,0
http://reddit.com@ggrmqdzp.cricket/login,40,16,2,0,0,0,0,0,0,1,0,0,0,0,1,1,1
http://25.48.129.233/flipkart-confirm/zrk6il,44,13,3,1,0,11,0,2,0,0,1,0,0,0,1,0,1
http://apple-account-vv4d.c0fp67.com/account,44,29,2,2,0,4,0,1,0,0,0,0,0,0,1,0,1
https://shop.github.edu/products,32,15,2,0,0,0,0,1,0,0,0,1,0,0,0,0,0
https://www.irctc.io/search?q=item,34,12,2,0,0,0,0,1,1,0,0,1,0,0,0,0,0
https://leetcode.edu/,21,12,1,0,0,0,0,0,0,0,0,1,0,0,0,0,0
https://shop.flipkart.net/home,30,17,2,0,0,0,0,1,0,0,0,1,0,0,0,0,0
http://ygcmr8es.com/microsoft/signin?user=mpf0i&token=eokvg019yd&redirect=q3nwqa,80,12,1,0,0,6,0,0,5,0,0,0,0,0,1,0,1
https://chase.io/home,21,8,1,0,0,0,0,0,0,0,0,1,0,0,0,0,0
http://microsoftupdate.country/update.php,41,23,2,0,0,0,0,0,0,0,0,0,0,0,1,1,1
https://shop.flipkart.org/products,34,17,2,0,0,0,0,1,0,0,0,1,0,0,0,0,0
http://google-account-yc8d.4x0bs3.com/account,45,30,2,2,0,4,0,1,0,0,0,0,0,0,1,0,1
http://ag3aptm9.com/reddit/verify?user=x798y&token=bqg716gnem&redirect=brg8my,77,12,1,0,0,9,0,0,5,0,0,0,0,0,1,0,1
https://www.linkedin.edu/,25,16,2,0,0,0,0,1,0,0,0,1,0,0,0,0,0
http://amazon.com@kfiwkesv.party/update,39,14,2,0,0,0,0,0,0,1,0,0,0,0,1,1,1
https://leetcode.io,19,11,1,0,0,0,0,0,0,0,0,1,0,0,0,0,0
https://shop.reddit.in/home,27,14,2,0,0,0,0,1,0,0,0,1,0,0,0,0,0
https://www.wikipedia.io/,25,16,2,0,0,0,0,1,0,0,0,1,0,0,0,0,0
https://stackoverflow.com/search?q=item,39,17,1,0,0,0,0,0,1,0,0,1,0,0,0,0,0
https://en.paypal.io/user/profile,33,12,2,0,0,0,0,1,0,0,0,1,0,0,0,0,0
https://www.spotify.net/about,29,15,2,0,0,0,0,1,0,0,0,1,0,0,0,0,1
http://flipkart.com@r14vuyv2.country/webscr,43,16,2,0,0,3,0,0,0,1,0,0,0,0,1,1,1
https://www.leetcode.in/docs,28,15,2,0,0,0,0,1,0,0,0,1,0,0,0,0,0
http://spotifyupdate.kim/update.php,35,17,2,0,0,0,0,0,0,0,0,0,0,0,1,1,1
https://en.google.io/,21,12,2,0,0,0,0,1,0,0,0,1,0,0,0,0,0
http://microsoftverify.review/verify.php,40,22,2,0,0,0,0,0,0,0,0,0,0,0,1,1,1
https://en.chase.edu/products,29,12,2,0,0,0,0,1,0,0,0,1,0,0,0,0,0
http://amazonlogin.gq/login.php,31,14,2,0,0,0,0,0,0,0,0,0,0,0,1,1,1
https://coursera.org/,21,12,1,0,0,0,0,0,0,0,0,1,0,0,0,0,0
https://shop.amazon.org/,24,15,2,0,0,0,0,1,0,0,0,1,0,0,0,0,0
http://coursera.com@ktnn8ild.zip/verify,39,12,2,0,0,1,0,0,0,1,0,0,0,0,1,1,1
http://113.47.67.197/reddit-account/2jrig5,42,13,3,1,0,12,0,2,0,0,1,0,0,0,1,0,1
https://www.wikipedia.in/,25,16,2,0,0,0,0,1,0,0,0,1,0,0,0,0,0
https://en.amazon.in,20,12,2,0,0,0,0,1,0,0,0,1,0,0,0,0,0
http://dqcsenjx.com/chase/verify?user=txixc&token=dl9t15kck4&redirect=zynfgj,76,12,1,0,0,4,0,0,5,0,0,0,0,0,1,0,1
http://linkedinverify.gq/verify.php,35,17,2,0,0,0,0,0,0,0,0,0,0,0,1,1,1
https://microsoft.edu/search?q=item,35,13,1,0,0,0,0,0,1,0,0,1,0,0,0,0,0
http://netflix.com@0ojqrlg6.tk/secure,37,11,2,0,0,2,0,0,0,1,0,0,0,0,1,1,1
http://nptel-account-f1pi.2ooq42.com/account,44,29,2,2,0,4,0,1,0,0,0,0,0,0,1,0,1
https://en.chase.com/docs,25,12,2,0,0,0,0,1,0,0,0,1,0,0,0,0,0
http://microsoft.com@r44esh9b.gq/signin,39,11,2,0,0,3,0,0,0,1,0,0,0,0,1,1,1
https://shop.flipkart.edu/about,31,17,2,0,0,0,0,1,0,0,0,1,0,0,0,0,0
https://www.wikipedia.in/home,29,16,2,0,0,0,0,1,0,0,0,1,0,0,0,0,0
http://pjbrhwbq.com/nptel/signin?user=h5t2d&token=8vet8an2lm&redirect=1cbht9,76,12,1,0,0,7,0,0,5,0,0,0,0,0,1,0,1
https://shop.apple.com/home,27,14,2,0,0,0,0,1,0,0,0,1,0,0,0,0,1
https://shop.flipkart.net,25,17,2,0,0,0,0,1,0,0,0,1,0,0,0,0,0
https://shop.github.edu,23,15,2,0,0,0,0,1,0,0,0,1,0,0,0,0,0
https://en.apple.com/products,29,12,2,0,0,0,0,1,0,0,0,1,0,0,0,0,0
http://tngtg2lg.com/apple/verify?user=j3s6o&token=gq4ivn2qqz&redirect=zfvb9e,76,12,1,0,0,6,0,0,5,0,0,0,0,0,1,0,1
http://irctcsecure.zip/secure.php,33,15,2,0,0,0,0,0,0,0,0,0,0,0,1,1,1
https://www.linkedin.edu/about,30,16,2,0,0,0,0,1,0,0,0,1,0,0,0,0,0
https://www.google.io/home,26,13,2,0,0,0,0,1,0,0,0,1,0,0,0,0,0
https://www.netflix.io/search?q=item,36,14,2,0,0,0,0,1,1,0,0,1,0,0,0,0,0
http://7.230.77.27/reddit-login/w6zlkw,38,11,3,1,0,9,0,2,0,0,1,0,0,0,1,0,1
https://chase.edu/products,26,9,1,0,0,0,0,0,0,0,0,1,0,0,0,0,1
http://nptel-account-2xip.rtt3nu.com/account,44,29,2,2,0,2,0,1,0,0,0,0,0,0,1,0,1
https://netflix.com/products,28,11,1,0,0,0,0,0,0,0,0,1,0,0,0,0,0
https://en.netflix.io/,22,13,2,0,0,0,0,1,0,0,0,1,0,0,0,0,0
https://en.nptel.com/products,29,12,2,0,0,0,0,1,0,0,0,1,0,0,0,0,0
https://irctc.org/products,26,9,1,0,0,0,0,0,0,0,0,1,0,0,0,0,0
https://en.reddit.io/search?q=item,34,12,2,0,0,0,0,1,1,0,0,1,0,0,0,0,0
http://85.159.249.182/microsoft-confirm/xcgmiu,46,14,3,1,0,11,0,2,0,0,1,0,0,0,1,0,1
https://netflix.com/about,25,11,1,0,0,0,0,0,0,0,0,1,0,0,0,0,0
http://6tlb37zo.com/irctc/confirm?user=qmc8f&token=u0ab76lbwl&redirect=a9di89,77,12,1,0,0,10,0,0,5,0,0,0,0,0,1,0,1
http://github-account-qfxe.n9nsjx.com/account,45,30,2,2,0,1,0,1,0,0,0,0,0,0,1,0,1
https://shop.reddit.com/user/profile,36,15,2,0,0,0,0,1,0,0,0,1,0,1,0,0,0
https://en.coursera.org/user/profile,36,15,2,0,0,0,0,1,0,0,0,1,0,0,0,0,0
https://stackoverflow.edu/about,31,17,1,0,0,0,0,0,0,0,0,1,0,0,0,0,0
http://y9ylw5l4.com/github/account?user=rmvvn&token=xiv9iw6l01&redirect=wcnkfh,78,12,1,0,0,7,0,0,5,0,0,0,0,0,1,0,0
https://flipkart.edu/products,29,12,1,0,0,0,0,0,0,0,0,1,0,0,0,0,0
https://shop.irctc.net/user/profile,35,14,2,0,0,0,0,1,0,0,0,1,0,0,0,0,0
https://www.reddit.io/home,26,13,2,0,0,0,0,1,0,0,0,1,0,0,0,0,0
https://shop.flipkart.net,25,17,2,0,0,0,0,1,0,0,0,1,0,0,0,0,0
https://en.google.org/products,30,13,2,0,0,0,0,1,0,0,0,1,0,0,0,0,0
http://farmgjcy.com/apple/account?user=4v8ur&token=id3u94sgfd&redirect=k0q09j,77,12,1,0,0,8,0,0,5,0,0,0,0,0,1,0,1
https://www.nptel.com/home,26,13,2,0,0,0,0,1,0,0,0,1,0,0,0,0,0
https://www.google.io/home,26,13,2,0,0,0,0,1,0,0,0,1,0,0,0,0,0
https://amazon.edu,18,10,1,0,0,0,0,0,0,0,0,1,0,0,0,0,0
http://microsoft-update-dv37.ic0lzi.com/update,46,32,2,2,0,3,0,1,0,0,0,0,0,0,1,0,1
http://microsoftwebscr.zip/webscr.php,37,19,2,0,0,0,0,0,0,0,0,0,0,0,1,1,1
https://stackoverflow.com/docs,30,17,1,0,0,0,0,0,0,0,0,1,0,0,0,0,0
https://stackoverflow.io/about,30,16,1,0,0,0,0,0,0,0,0,1,0,0,0,0,0
http://bsungkhv.com/github/account?user=lucnj&token=0hyl77vlqu&redirect=017wtp,78,12,1,0,0,6,0,0,5,0,0,0,0,0,1,0,1
http://linkedin.com@dpfssbjd.work/verify,40,13,2,0,0,0,0,0,0,1,0,0,0,0,1,1,1
http://amazon-update-tamv.ncztzo.com/update,43,29,2,2,0,0,0,1,0,0,0,0,0,0,1,0,1
http://wikipedia-secure-4p0f.t1afdt.com/secure,46,32,2,2,0,3,0,1,0,0,0,0,0,1,1,0,1
http://234.60.171.193/chase-account/3b9kyh,42,14,3,1,0,13,0,2,0,0,1,0,0,0,1,0,1
http://irctc-login-mhv1.f070vk.com/login,40,27,2,2,0,4,0,1,0,0,0,0,0,0,1,0,1
http://chasewebscr.review/webscr.php,36,18,2,0,0,0,0,0,0,0,0,0,0,0,1,1,1
https://shop.stackoverflow.org/docs,35,22,2,0,0,0,0,1,0,0,0,1,0,0,0,0,0
http://google.com@k7e315h9.kim/login,36,12,2,0,0,5,0,0,0,1,0,0,0,0,1,1,1
https://stackoverflow.net/home,30,17,1,0,0,0,0,0,0,0,0,1,0,0,0,0,0
http://redditlogin.science/login.php,36,19,2,0,0,0,0,0,0,0,0,0,0,0,1,1,1
http://129.233.130.231/flipkart-confirm/b1pbzv,46,15,3,1,0,13,0,2,0,0,1,0,0,0,1,0,1
http://0pxaecxv.com/flipkart/webscr?user=gfop8&token=qzjuli7jdn&redirect=80oco3,79,12,1,0,0,6,0,0,5,0,0,0,0,0,1,0,1
http://kqe7a5ji.com/chase/signin?user=1vege&token=3byjth2foe&redirect=15h3qo,76,12,1,0,0,8,0,0,5,0,0,0,0,0,1,0,1
https://apple.org/about,23,9,1,0,0,0,0,0,0,0,0,1,0,0,0,0,0
http://xtur8xue.com/apple/update?user=bhk0o&token=nsasjtk3li&redirect=rhxrhg,76,12,1,0,0,3,0,0,5,0,0,0,0,0,1,0,1
http://nptelaccount.party/account.php,37,18,2,0,0,0,0,0,0,0,0,0,0,0,1,1,1
https://www.spotify.in/user/profile,35,14,2,0,0,0,0,1,0,0,0,1,0,0,0,0,0
https://en.amazon.in/,21,12,2,0,0,0,0,1,0,0,0,1,0,0,0,0,0
https://www.nptel.org/docs,26,13,2,0,0,0,0,1,0,0,0,1,0,0,0,0,0
https://en.reddit.edu/about,27,13,2,0,0,0,0,1,0,0,0,1,0,0,0,0,0
http://nf0402w2.com/microsoft/account?user=9aw4i&token=oar4g58o9q&redirect=jp0xsm,81,12,1,0,0,12,0,0,5,0,0,0,0,0,1,0,1
https://wikipedia.org/products,30,13,1,0,0,0,0,0,0,0,0,1,0,0,0,0,0
http://linkedinupdate.kim/update.php,36,18,2,0,0,0,0,0,0,0,0,0,0,0,1,1,1
https://en.apple.io/search?q=item,33,11,2,0,0,0,0,1,1,0,0,1,0,0,0,0,0
http://chase.com@x7brrbai.zip/update,36,12,2,0,0,1,0,0,0,1,0,0,0,0,1,1,1
http://ggmqj9uj.com/irctc/verify?user=efubf&token=d340nxidb5&redirect=z8xgqh,76,12,1,0,0,6,0,0,5,0,0,0,0,0,1,0,1
https://shop.stackoverflow.edu,30,22,2,0,0,0,0,1,0,0,0,1,0,0,0,0,0
http://chase.com@8wzgl51r.country/verify,40,16,2,0,0,3,0,0,0,1,0,0,0,0,1,1,1
https://en.wikipedia.io/user/profile,36,15,2,0,0,0,0,1,0,0,0,1,0,0,0,0,0
https://nptel.in/about,22,8,1,0,0,0,0,0,0,0,0,1,0,0,0,0,0
https://paypal.edu,18,10,1,0,0,0,0,0,0,0,0,1,0,0,0,0,0
http://stackoverflowupdate.gq/update.php,40,22,2,0,0,0,0,0,0,0,0,0,0,0,1,1,1
https://irctc.org,17,9,1,0,0,0,0,0,0,0,0,1,0,0,0,0,0
http://d6z6pq1a.com/irctc/confirm?user=uf0tj&token=5jgzcy4mlj&redirect=zfudi4,77,12,1,0,0,7,0,0,5,0,0,0,0,0,1,0,1
http://wikipedia-secure-lb82.motz60.com/secure,46,32,2,2,0,4,0,1,0,0,0,0,0,0,1,0,1
https://nptel.in/,17,8,1,0,0,0,0,0,0,0,0,1,0,0,0,0,0
http://151.36.194.105/leetcode-account/h3fhvf,45,14,3,1,0,12,0,2,0,0,1,0,0,0,1,0,1
https://apple.edu/search?q=item,31,9,1,0,0,0,0,0,1,0,0,1,0,0,0,0,0
https://en.irctc.net/docs,25,12,2,0,0,0,0,1,0,0,0,1,0,0,0,0,0
http://11mylqjj.com/wikipedia/webscr?user=bfsa5&token=uzlzukzyf2&redirect=ev4ji4,80,12,1,0,0,6,0,0,5,0,0,0,0,0,1,0,1
http://stackoverflowsecure.country/secure.php,45,27,2,0,0,0,0,0,0,0,0,0,0,0,1,1,1
https://shop.nptel.io/user/profile,34,13,2,0,0,0,0,1,0,0,0,1,0,0,0,0,0
http://irctc-signin-iedd.070en4.com/signin,42,28,2,2,0,4,0,1,0,0,0,0,0,0,1,0,1
http://netflix-account-r3sd.udprk5.com/account,46,31,2,2,0,2,0,1,0,0,0,0,0,0,1,0,1
http://8jhe5s51.com/google/signin?user=7dxj1&token=7x6xda71eb&redirect=vfwb5h,77,12,1,0,0,11,0,0,5,0,0,0,0,0,1,0,1
http://121.46.9.35/microsoft-login/k4y7zx,41,11,3,1,0,10,0,2,0,0,1,0,0,0,1,0,1
http://paypal-secure-xu5w.ahzg85.com/secure,43,29,2,2,0,3,0,1,0,0,0,0,0,0,1,0,1
http://778nrxvo.com/chase/webscr?user=b7nug&token=pj60sryzx7&redirect=0ib3wy,76,12,1,0,0,9,0,0,5,0,0,0,0,0,1,0,1
http://byzm242o.com/leetcode/signin?user=m7ztr&token=j67dxlse33&redirect=dcnf22,79,12,1,0,0,10,0,0,5,0,0,0,0,0,1,0,1
http://microsoft-webscr-0kh5.840acu.com/webscr,46,32,2,2,0,5,0,1,0,0,0,0,0,0,1,0,1
https://shop.linkedin.net/docs,30,17,2,0,0,0,0,1,0,0,0,1,0,0,0,0,0
https://microsoft.net,21,13,1,0,0,0,0,0,0,0,0,1,0,0,0,0,0
http://stackoverflow-signin-gwrv.z90472.com/signin,50,36,2,2,0,5,0,1,0,0,0,0,0,0,1,0,1
https://www.microsoft.org/about,31,17,2,0,0,0,0,1,0,0,0,1,0,0,0,0,0
https://www.nptel.in/docs,25,12,2,0,0,0,0,1,0,0,0,1,0,0,0,0,0
http://24dsysym.com/coursera/secure?user=mq8q6&token=a1df62unw6&redirect=5b4eyq,79,12,1,0,0,10,0,0,5,0,0,0,0,0,1,0,1
http://amazonverify.science/verify.php,38,20,2,0,0,0,0,0,0,0,0,0,0,0,1,1,1
http://reddit-update-jpkh.f33guw.com/update,43,29,2,2,0,2,0,1,0,0,0,0,0,0,1,0,1
https://www.reddit.in/about,27,13,2,0,0,0,0,1,0,0,0,1,0,0,0,0,0
https://shop.flipkart.edu/home,30,17,2,0,0,0,0,1,0,0,0,1,0,0,0,0,0
http://wikipedia-login-906k.37e4ey.com/login,44,31,2,2,0,6,0,1,0,0,0,0,0,0,1,0,1
http://222.36.255.72/leetcode-confirm/0emc20,44,13,3,1,0,13,0,2,0,0,1,0,0,0,1,0,1
http://paypallogin.party/login.php,34,17,2,0,0,0,0,0,0,0,0,0,0,0,1,1,0
http://40.76.202.75/spotify-signin/p091pq,41,12,3,1,0,12,0,2,0,0,1,0,0,0,1,0,1
http://4p4jwr3x.com/wikipedia/webscr?user=uxnb9&token=dssrkfi53l&redirect=lp0nfd,80,12,1,0,0,7,0,0,5,0,0,0,0,0,1,0,1
http://0ut5jays.com/irctc/confirm?user=ywu2g&token=yiaw7foe4c&redirect=5pnedl,77,12,1,0,0,6,0,0,5,0,0,0,0,0,1,0,1
http://amazon.com@x1cenagq.review/account,41,15,2,0,0,1,0,0,0,1,0,0,0,0,1,1,1
https://www.amazon.in/,22,13,2,0,0,0,0,1,0,0,0,1,0,0,0,0,0
http://2xovyxhz.com/amazon/secure?user=pdso9&token=spdu3nm0sx&redirect=fc5z5l,77,12,1,0,0,6,0,0,5,0,0,0,0,0,1,0,1
http://amazon-signin-z7ds.onkk1j.com/signin,43,29,2,2,0,2,0,1,0,0,0,0,0,0,1,0,1
https://www.stackoverflow.io/home,33,20,2,0,0,0,0,1,0,0,0,1,0,0,0,0,0
https://en.apple.io/docs,24,11,2,0,0,0,0,1,0,0,0,1,0,0,0,0,0
http://30.43.232.40/leetcode-signin/0qraqi,42,12,3,1,0,10,0,2,0,0,1,0,0,0,1,0,1
https://reddit.com/search?q=item,32,10,1,0,0,0,0,0,1,0,0,1,0,1,0,0,0
http://kbu0t369.com/microsoft/verify?user=o8w42&token=9kjpq8seut&redirect=lpf4g9,80,12,1,0,0,11,0,0,5,0,0,0,0,0,1,0,1
http://54.124.167.38/google-update/xpw2gk,41,13,3,1,0,11,0,2,0,0,1,0,0,0,1,0,1
https://apple.in/products,25,8,1,0,0,0,0,0,0,0,0,1,0,0,0,0,0
https://en.paypal.org/products,30,13,2,0,0,0,0,1,0,0,0,1,0,0,0,0,0
https://shop.google.edu/about,29,15,2,0,0,0,0,1,0,0,0,1,0,0,0,0,0
http://0pfsrq8s.com/nptel/webscr?user=tzqbf&token=u7e4dnksek&redirect=nkbf2p,76,12,1,0,0,5,0,0,5,0,0,0,0,0,1,0,1
https://shop.chase.com/products,31,14,2,0,0,0,0,1,0,0,0,1,0,0,0,0,0
http://microsoftconfirm.work/confirm.php,40,21,2,0,0,0,0,0,0,0,0,0,0,0,1,1,1
https://spotify.com/about,25,11,1,0,0,0,0,0,0,0,0,1,0,0,0,0,0
http://y58f1n2o.com/netflix/signin?user=jgfhz&token=52qzskhztg&redirect=bibf57,78,12,1,0,0,8,0,0,5,0,0,0,0,0,1,0,1
https://shop.stackoverflow.org,30,22,2,0,0,0,0,1,0,0,0,1,0,0,0,0,0
https://en.linkedin.org/home,28,15,2,0,0,0,0,1,0,0,0,1,0,0,0,0,0
https://chase.io/user/profile,29,8,1,0,0,0,0,0,0,0,0,1,0,0,0,0,0
http://34.239.192.188/leetcode-login/jxyo6h,43,14,3,1,0,12,0,2,0,0,1,0,0,0,1,0,1
http://126.204.6.106/netflix-signin/c8cynl,42,13,3,1,0,11,0,2,0,0,1,0,0,0,1,0,1
https://www.google.io/home,26,13,2,0,0,0,0,1,0,0,0,1,0,0,0,0,0
https://www.leetcode.io,23,15,2,0,0,0,0,1,0,0,0,1,0,0,0,0,0
http://voc7501o.com/leetcode/webscr?user=eea20&token=rwrnbfzv1j&redirect=ostchh,79,12,1,0,0,7,0,0,5,0,0,0,0,0,1,0,1
http://nn8xc609.com/reddit/signin?user=yzhs1&token=ev2sos7dpi&redirect=1g6bx0,77,12,1,0,0,10,0,0,5,0,0,0,0,0,1,0,1
http://wikipedia.com@cs1xsrql.science/webscr,44,16,2,0,0,1,0,0,0,1,0,0,0,0,1,1,1
http://courseraconfirm.tk/confirm.php,37,18,2,0,0,0,0,0,0,0,0,0,0,0,1,1,1
https://www.reddit.net/,23,14,2,0,0,0,0,1,0,0,0,1,0,0,0,0,0
http://k0q929u6.com/amazon/verify?user=wtvmk&token=2zyzsilu3n&redirect=dz3cc5,77,12,1,0,0,9,0,0,5,0,0,0,0,0,1,0,1
http://wikipedia.com@wrutvlyj.science/webscr,44,16,2,0,0,0,0,0,0,1,0,0,0,0,1,1,1
http://reddit-confirm-sjzs.b6zwkh.com/confirm,45,30,2,2,0,1,0,1,0,0,0,0,0,0,1,0,1
https://www.reddit.io/about,27,13,2,0,0,0,0,1,0,0,0,1,0,0,0,0,1
https://en.linkedin.io/docs,27,14,2,0,0,0,0,1,0,0,0,1,0,0,0,0,0
http://oblj0ua9.com/microsoft/login?user=o6h0f&token=eeb9i9exbn&redirect=xdxwbc,79,12,1,0,0,6,0,0,5,0,0,0,0,0,1,0,1
https://google.in/products,26,9,1,0,0,0,0,0,0,0,0,1,0,0,0,0,0
https://microsoft.edu/home,26,13,1,0,0,0,0,0,0,0,0,1,0,0,0,0,0
http://52.151.10.54/nptel-verify/irmc5s,39,12,3,1,0,10,0,2,0,0,1,0,0,0,1,0,1
https://en.microsoft.io/about,29,15,2,0,0,0,0,1,0,0,0,1,0,0,0,0,0
http://chase.com@b69c45ry.kim/signin,36,12,2,0,0,4,0,0,0,1,0,0,0,0,1,1,1
https://spotify.edu/about,25,11,1,0,0,0,0,0,0,0,0,1,0,0,0,0,0
http://85.146.247.116/netflix-webscr/xkgyg3,43,14,3,1,0,12,0,2,0,0,1,0,0,0,1,0,1
http://flipkart.com@zqh9q3vi.science/update,43,16,2,0,0,2,0,0,0,1,0,0,0,0,1,1,1
https://wikipedia.org/user/profile,34,13,1,0,0,0,0,0,0,0,0,1,0,0,0,0,0
http://spotify.com@ij643yuo.zip/account,39,12,2,0,0,3,0,0,0,1,0,0,0,0,1,1,1
http://132.18.184.224/google-login/ork64m,41,14,3,1,0,13,0,2,0,0,1,0,0,0,1,0,1
https://microsoft.edu/docs,26,13,1,0,0,0,0,0,0,0,0,1,0,0,0,0,0
https://www.nptel.io/docs,25,12,2,0,0,0,0,1,0,0,0,1,0,0,0,0,0
https://en.apple.io/about,25,11,2,0,0,0,0,1,0,0,0,1,0,0,0,0,0
https://shop.flipkart.io/search?q=item,38,16,2,0,0,0,0,1,1,0,0,1,0,0,0,0,0
https://www.netflix.net/products,32,15,2,0,0,0,0,1,0,0,0,1,0,0,0,0,0
https://shop.leetcode.edu/user/profile,38,17,2,0,0,0,0,1,0,0,0,1,0,0,0,0,0
https://en.paypal.io/user/profile,33,12,2,0,0,0,0,1,0,0,0,1,0,0,0,0,0
http://nptel-login-9e57.6mouze.com/login,40,27,2,2,0,4,0,1,0,0,0,0,0,0,1,0,1
https://www.amazon.edu/user/profile,35,14,2,0,0,0,0,1,0,0,0,1,0,0,0,0,0
http://github.com@ctt058cu.kim/account,38,12,2,0,0,3,0,0,0,1,0,0,0,0,1,1,1
https://shop.chase.org,22,14,2,0,0,0,0,1,0,0,0,1,0,0,0,0,0
https://linkedin.in/products,28,11,1,0,0,0,0,0,0,0,0,1,0,0,0,0,0
https://en.irctc.io/user/profile,32,11,2,0,0,0,0,1,0,0,0,1,0,0,0,0,0
http://117.184.42.246/wikipedia-login/f2k5c3,44,14,3,1,0,14,0,2,0,0,1,0,0,0,1,0,1
https://en.github.net/home,26,13,2,0,0,0,0,1,0,0,0,1,0,0,0,0,0
https://shop.flipkart.in/home,29,16,2,0,0,0,0,1,0,0,0,1,0,0,0,0,0
https://shop.reddit.in,22,14,2,0,0,0,0,1,0,0,0,1,0,0,0,0,0
http://nptellogin.zip/login.php,31,14,2,0,0,0,0,0,0,0,0,0,0,0,1,1,1
https://www.github.in/about,27,13,2,0,0,0,0,1,0,0,0,1,0,0,0,0,0
http://paypal-update-82u6.zv3iu6.com/update,43,29,2,2,0,5,0,1,0,0,0,0,0,0,1,0,1
http://xih1xdpz.com/coursera/verify?user=f761h&token=jr6eet0dy5&redirect=71vxnz,79,12,1,0,0,9,0,0,5,0,0,0,0,0,1,0,1
http://r0jy32ho.com/nptel/account?user=g585i&token=87xw69hzgo&redirect=pjdn8e,77,12,1,0,0,11,0,0,5,0,0,0,0,0,1,0,1
http://wikipediasignin.tk/signin.php,36,18,2,0,0,0,0,0,0,0,0,0,0,0,1,1,1
http://rjzk08ct.com/leetcode/login?user=6176c&token=1k03u0up22&redirect=9eoizu,78,12,1,0,0,13,0,0,5,0,0,0,0,1,1,0,1
http://irctcsignin.review/signin.php,36,18,2,0,0,0,0,0,0,0,0,0,0,0,1,1,1
http://guaxnm0a.com/amazon/login?user=lqeds&token=1vrtt1e32w&redirect=itpbd7,76,12,1,0,0,6,0,0,5,0,0,0,0,0,1,0,1
http://krajiaa6.com/spotify/update?user=7mswp&token=atom287c45&redirect=idbxqe,78,12,1,0,0,7,0,0,5,0,0,0,0,0,1,0,1
https://coursera.edu/about,26,12,1,0,0,0,0,0,0,0,0,1,0,0,0,0,0
http://flipkartsignin.review/signin.php,39,21,2,0,0,0,0,0,0,0,0,0,0,0,1,1,1
http://237.196.107.35/spotify-webscr/rtdqij,43,14,3,1,0,11,0,2,0,0,1,0,0,0,1,0,1
http://paypal.com@t28ll6do.tk/account,37,11,2,0,0,3,0,0,0,1,0,0,0,0,1,1,1
http://googlelogin.zip/login.php,32,15,2,0,0,0,0,0,0,0,0,0,0,0,1,1,1
http://6x2o72sj.com/chase/webscr?user=xl66y&token=a6ba24s0lg&redirect=upuowo,76,12,1,0,0,10,0,0,5,0,0,0,0,0,1,0,1
https://www.linkedin.edu/,25,16,2,0,0,0,0,1,0,0,0,1,0,0,0,0,0
http://coursera-signin-hn3d.g60e1e.com/signin,45,31,2,2,0,4,0,1,0,0,0,0,0,0,1,0,1
http://google-account-k8pq.eq7z7e.com/account,45,30,2,2,0,3,0,1,0,0,0,0,0,0,1,0,1
https://www.irctc.edu/user/profile,34,13,2,0,0,0,0,1,0,0,0,1,0,0,0,0,0
https://shop.stackoverflow.in/docs,34,21,2,0,0,0,0,1,0,0,0,1,0,0,0,0,0
http://7p80sd0p.com/paypal/update?user=4775b&token=5nov31nyc7&redirect=h81jmb,77,12,1,0,0,14,0,0,5,0,0,0,0,0,1,0,1
https://wikipedia.net,21,13,1,0,0,0,0,0,0,0,0,1,0,0,0,0,0
https://shop.coursera.com/user/profile,38,17,2,0,0,0,0,1,0,0,0,1,0,0,0,0,0
http://netflixsignin.tk/signin.php,34,16,2,0,0,0,0,0,0,0,0,0,0,0,1,1,1
http://132.88.250.119/nptel-verify/yxz7sx,41,14,3,1,0,12,0,2,0,0,1,0,0,0,1,0,1
http://122.64.58.163/microsoft-account/amwu28,45,13,3,1,0,12,0,2,0,0,1,0,0,0,1,0,1
https://www.leetcode.io/about,29,15,2,0,0,0,0,1,0,0,0,1,0,0,0,0,0
https://microsoft.io/home,25,12,1,0,0,0,0,0,0,0,0,1,0,0,0,0,0
https://shop.paypal.com/search?q=item,37,15,2,0,0,0,0,1,1,0,0,1,0,0,0,0,0
https://shop.stackoverflow.net/about,36,22,2,0,0,0,0,1,0,0,0,1,0,0,0,0,0
http://195.253.81.32/spotify-signin/qsrnkz,42,13,3,1,0,10,0,2,0,0,1,0,0,0,1,0,1
http://11.217.18.72/github-account/dted0p,41,12,3,1,0,10,0,2,0,0,1,0,0,0,1,0,0
https://flipkart.in/home,24,11,1,0,0,0,0,0,0,0,0,1,0,0,0,0,0
https://github.net,18,10,1,0,0,0,0,0,0,0,0,1,0,0,0,0,0
http://145.197.236.173/linkedin-verify/mpa7dz,45,15,3,1,0,13,0,2,0,0,1,0,0,0,1,0,1
https://linkedin.in/search?q=item,33,11,1,0,0,0,0,0,1,0,0,1,0,0,0,0,0
https://www.amazon.org/docs,27,14,2,0,0,0,0,1,0,0,0,1,0,0,0,0,0
http://reddit.com@t6ao3fjp.work/login,37,13,2,0,0,2,0,0,0,1,0,0,0,0,1,1,1
http://8.152.12.33/flipkart-account/4m0a6m,42,11,3,1,0,11,0,2,0,0,1,0,0,0,1,0,1
https://shop.apple.io/,22,13,2,0,0,0,0,1,0,0,0,1,0,0,0,0,0
http://2.123.238.3/microsoft-signin/hn98x1,42,11,3,1,0,11,0,2,0,0,1,0,0,0,1,0,1
https://en.netflix.in/home,26,13,2,0,0,0,0,1,0,0,0,1,0,0,0,0,0
https://flipkart.org/,21,12,1,0,0,0,0,0,0,0,0,1,0,0,0,0,0
https://spotify.com/home,24,11,1,0,0,0,0,0,0,0,0,1,0,0,0,0,0
http://119.156.219.67/flipkart-secure/f1srik,44,14,3,1,0,12,0,2,0,0,1,0,0,0,1,0,1
http://google.com@985i0hiv.gq/webscr,36,11,2,0,0,4,0,0,0,1,0,0,0,0,1,1,1
https://shop.coursera.in/search?q=item,38,16,2,0,0,0,0,1,1,0,0,1,0,0,0,0,0
https://en.amazon.net/search?q=item,35,13,2,0,0,0,0,1,1,0,0,1,0,0,0,0,0
https://irctc.io/,17,8,1,0,0,0,0,0,0,0,0,1,0,0,0,0,0
http://101.186.72.61/linkedin-secure/lva2uh,43,13,3,1,0,11,0,2,0,0,1,0,0,0,1,0,1
http://nptelconfirm.country/confirm.php,39,20,2,0,0,0,0,0,0,0,0,0,0,0,1,1,1
http://github-secure-0p5r.ukcass.com/secure,43,29,2,2,0,2,0,1,0,0,0,0,0,0,1,0,1
https://shop.paypal.in/about,28,14,2,0,0,0,0,1,0,0,0,1,0,0,0,0,0
https://shop.flipkart.com/products,34,17,2,0,0,0,0,1,0,0,0,1,0,1,0,0,0
https://www.coursera.in/user/profile,36,15,2,0,0,0,0,1,0,0,0,1,0,0,0,0,0
http://microsoftwebscr.science/webscr.php,41,23,2,0,0,0,0,0,0,0,0,0,0,0,1,1,1
http://stackoverflow.com@lzohfddv.gq/confirm,44,11,2,0,0,0,0,0,0,1,0,0,0,0,1,1,1
https://www.microsoft.in/docs,29,16,2,0,0,0,0,1,0,0,0,1,0,0,0,0,0
https://en.chase.com/products,29,12,2,0,0,0,0,1,0,0,0,1,0,0,0,0,0
http://22.15.70.213/stackoverflow-webscr/9dv3uy,47,12,3,1,0,11,0,2,0,0,1,0,0,0,1,0,1
http://6819y207.com/paypal/confirm?user=merby&token=eawhmlvhs2&redirect=1hd4y8,78,12,1,0,0,11,0,0,5,0,0,0,0,0,1,0,1
https://www.paypal.in/about,27,13,2,0,0,0,0,1,0,0,0,1,0,0,0,0,0
https://www.spotify.org,23,15,2,0,0,0,0,1,0,0,0,1,0,0,0,0,0
https://chase.in/home,21,8,1,0,0,0,0,0,0,0,0,1,0,0,0,0,0
https://www.leetcode.org/products,33,16,2,0,0,0,0,1,0,0,0,1,0,0,0,0,0
https://www.leetcode.net/,25,16,2,0,0,0,0,1,0,0,0,1,0,0,0,0,0
https://www.linkedin.edu/user/profile,37,16,2,0,0,0,0,1,0,0,0,1,0,0,0,0,0
https://www.chase.com/user/profile,34,13,2,0,0,0,0,1,0,0,0,1,0,0,0,0,0
https://en.irctc.in/user/profile,32,11,2,0,0,0,0,1,0,0,0,1,0,0,0,0,0
https://www.chase.io/home,25,12,2,0,0,0,0,1,0,0,0,1,0,0,0,0,0
https://spotify.io/,19,10,1,0,0,0,0,0,0,0,0,1,0,0,0,0,0
https://shop.flipkart.edu/products,34,17,2,0,0,0,0,1,0,0,0,1,0,0,0,0,0
http://48.176.130.221/spotify-verify/plti89,43,14,3,1,0,13,0,2,0,0,1,0,0,0,1,0,1
http://apple.com@y7in1r6x.zip/verify,36,12,2,0,0,3,0,0,0,1,0,0,0,0,1,1,1
https://en.amazon.edu/search?q=item,35,13,2,0,0,0,0,1,1,0,0,1,0,0,0,0,0
https://coursera.io,19,11,1,0,0,0,0,0,0,0,0,1,0,0,0,0,0
http://linkedin.com@aa34h8nl.work/update,40,13,2,0,0,3,0,0,0,1,0,0,0,0,1,1,1
https://www.microsoft.org/home,30,17,2,0,0,0,0,1,0,0,0,1,0,0,0,0,0
https://shop.paypal.io/user/profile,35,14,2,0,0,0,0,1,0,0,0,1,0,0,0,0,0
http://9xdulvna.com/paypal/update?user=axu3k&token=8jb79yj65w&redirect=polpf3,77,12,1,0,0,8,0,0,5,0,0,0,0,0,1,0,1
http://amazon-login-r7fd.fzdmmc.com/login,41,28,2,2,0,1,0,1,0,0,0,0,0,0,1,0,1
http://leetcode-webscr-n5kx.qhxtdq.com/webscr,45,31,2,2,0,1,0,1,0,0,0,0,0,0,1,0,1
http://81.217.49.110/coursera-account/1zhqun,44,13,3,1,0,11,0,2,0,0,1,0,0,0,1,0,1
http://apple.com@xlsrvp0i.cricket/secure,40,16,2,0,0,1,0,0,0,1,0,0,0,0,1,1,1
http://microsoftwebscr.science/webscr.php,41,23,2,0,0,0,0,0,0,0,0,0,0,0,1,1,1
http://252.147.36.84/wikipedia-secure/u818ut,44,13,3,1,0,13,0,2,0,0,1,0,0,0,1,0,1
https://en.stackoverflow.net/about,34,20,2,0,0,0,0,1,0,0,0,1,0,0,0,0,0
http://38.191.183.144/apple-login/jahsao,40,14,3,1,0,11,0,2,0,0,1,0,0,0,1,0,1
http://5407k5w1.com/amazon/secure?user=jl6l9&token=1f4x2bfibj&redirect=zp97bm,77,12,1,0,0,13,0,0,5,0,0,0,0,0,1,0,1
https://shop.microsoft.in/about,31,17,2,0,0,0,0,1,0,0,0,1,0,0,0,0,0
http://99.37.41.252/reddit-account/7uiwjt,41,12,3,1,0,10,0,2,0,0,1,0,0,0,1,0,0
http://githubconfirm.review/confirm.php,39,20,2,0,0,0,0,0,0,0,0,0,0,0,1,1,1
http://lj2twc5k.com/amazon/login?user=qqljw&token=qrlvc35ty4&redirect=0qculv,76,12,1,0,0,6,0,0,5,0,0,0,0,0,1,0,1
https://www.wikipedia.org/user/profile,38,17,2,0,0,0,0,1,0,0,0,1,0,0,0,0,0
http://9yvgipax.com/coursera/signin?user=nqege&token=5ekfhoe3mx&redirect=zjfy4w,79,12,1,0,0,4,0,0,5,0,0,0,0,0,1,0,1
http://google-update-d2ff.5l6bsp.com/update,43,29,2,2,0,3,0,1,0,0,0,0,0,0,1,0,1
http://157.197.224.81/stackoverflow-account/gyrw6o,50,14,3,1,0,12,0,2,0,0,1,0,0,0,1,0,1
http://85s0i99n.com/apple/verify?user=7tcat&token=plx3gguko1&redirect=y7sr3j,76,12,1,0,0,10,0,0,5,0,0,0,0,0,1,0,1
https://www.wikipedia.net/about,31,17,2,0,0,0,0,1,0,0,0,1,0,0,0,0,0
https://www.reddit.net/user/profile,35,14,2,0,0,0,0,1,0,0,0,1,0,0,0,0,0
http://54.176.152.128/nptel-webscr/d8fbff,41,14,3,1,0,12,0,2,0,0,1,0,0,0,1,0,1
http://117.105.199.46/wikipedia-account/5s58xw,46,14,3,1,0,14,0,2,0,0,1,0,0,0,1,0,1
https://wikipedia.io/docs,25,12,1,0,0,0,0,0,0,0,0,1,0,0,0,0,0
http://apple.com@xf50i6gb.gq/confirm,36,11,2,0,0,3,0,0,0,1,0,0,0,0,1,1,1
https://spotify.com/home,24,11,1,0,0,0,0,0,0,0,0,1,0,0,0,0,0
http://linkedinconfirm.cricket/confirm.php,42,23,2,0,0,0,0,0,0,0,0,0,0,0,1,1,1
https://en.google.in/,21,12,2,0,0,0,0,1,0,0,0,1,0,0,0,0,0
http://t5dxi7qo.com/amazon/account?user=dsu9f&token=16x14ai7re&redirect=ficgxl,78,12,1,0,0,8,0,0,5,0,0,0,0,0,1,0,1
http://nptel-confirm-8q9i.6kyj91.com/confirm,44,29,2,2,0,5,0,1,0,0,0,0,0,0,1,0,1
https://shop.chase.org/user/profile,35,14,2,0,0,0,0,1,0,0,0,1,0,0,0,0,0
http://211.243.62.128/stackoverflow-signin/fzxsbc,49,14,3,1,0,11,0,2,0,0,1,0,0,0,1,0,1
http://stackoverflow.com@xu1srdv1.science/verify,48,16,2,0,0,2,0,0,0,1,0,0,0,0,1,1,1
https://netflix.net/docs,24,11,1,0,0,0,0,0,0,0,0,1,0,0,0,0,0
http://linkedin.com@ptjxfq8y.country/secure,43,16,2,0,0,1,0,0,0,1,0,0,0,0,1,1,1
https://www.wikipedia.in/,25,16,2,0,0,0,0,1,0,0,0,1,0,0,0,0,0
http://fpyst5v0.com/wikipedia/update?user=175du&token=23jh0zagrd&redirect=1ppkpg,80,12,1,0,0,9,0,0,5,0,0,0,0,0,1,0,1
http://z3e88seb.com/github/update?user=y8en0&token=0bgbb1r3yq&redirect=s5pyyz,77,12,1,0,0,9,0,0,5,0,0,0,0,0,1,0,1
https://en.irctc.edu/,21,12,2,0,0,0,0,1,0,0,0,1,0,0,0,0,0
https://shop.spotify.net/about,30,16,2,0,0,0,0,1,0,0,0,1,0,0,0,0,0
https://shop.github.in/docs,27,14,2,0,0,0,0,1,0,0,0,1,0,0,0,0,0
http://flipkart.com@hl5thlvj.gq/signin,38,11,2,0,0,1,0,0,0,1,0,0,0,0,1,1,1
http://chase.com@ekgv1bbh.country/login,39,16,2,0,0,1,0,0,0,1,0,0,0,0,1,1,1
https://en.google.in/,21,12,2,0,0,0,0,1,0,0,0,1,0,0,0,0,0
http://github-login-d3nh.0c0ibz.com/login,41,28,2,2,0,3,0,1,0,0,0,0,0,0,1,0,1
https://microsoft.edu/search?q=item,35,13,1,0,0,0,0,0,1,0,0,1,0,0,0,0,0
http://amazon.com@sljsi3ud.tk/login,35,11,2,0,0,1,0,0,0,1,0,0,0,0,1,1,1
https://www.stackoverflow.io/user/profile,41,20,2,0,0,0,0,1,0,0,0,1,0,0,0,0,0
http://106.119.63.74/netflix-confirm/4swh0t,43,13,3,1,0,12,0,2,0,0,1,0,0,0,1,0,1
https://www.paypal.in,21,13,2,0,0,0,0,1,0,0,0,1,0,0,0,0,0
http://240.182.120.150/flipkart-webscr/tzjs6p,45,15,3,1,0,13,0,2,0,0,1,0,0,0,1,0,1
http://google-confirm-u04v.pwymfv.com/confirm,45,30,2,2,0,2,0,1,0,0,0,0,0,0,1,0,1
http://flipkartsignin.country/signin.php,40,22,2,0,0,0,0,0,0,0,0,0,0,0,1,1,1
https://coursera.in/home,24,11,1,0,0,0,0,0,0,0,0,1,0,0,0,0,0
https://www.paypal.io/user/profile,34,13,2,0,0,0,0,1,0,0,0,1,0,0,0,0,0
https://shop.microsoft.net/home,31,18,2,0,0,0,0,1,0,0,0,1,0,0,0,0,0
https://spotify.org/docs,24,11,1,0,0,0,0,0,0,0,0,1,0,0,0,0,0
https://spotify.in/,19,10,1,0,0,0,0,0,0,0,0,1,0,0,0,0,0
https://en.coursera.com/,24,15,2,0,0,0,0,1,0,0,0,1,0,0,0,0,0
http://github.com@xcw8afmn.review/webscr,40,15,2,0,0,1,0,0,0,1,0,0,0,0,1,1,1
http://irctc.com@kx6wb68q.party/login,37,14,2,0,0,3,0,0,0,1,0,0,0,0,1,1,1
http://spotify-confirm-snjc.zobd9q.com/confirm,46,31,2,2,0,1,0,1,0,0,0,0,0,0,1,0,1
http://chase-confirm-wkt6.vgf8ig.com/confirm,44,29,2,2,0,2,0,1,0,0,0,0,0,0,1,0,1
https://www.flipkart.edu/user/profile,37,16,2,0,0,0,0,1,0,0,0,1,0,0,0,0,0
https://en.amazon.net/user/profile,34,13,2,0,0,0,0,1,0,0,0,1,0,0,0,0,0
http://amazonsignin.work/signin.php,35,17,2,0,0,0,0,0,0,0,0,0,0,0,1,1,1
http://a4l3khyf.com/spotify/verify?user=k043b&token=lsyj4uwhk8&redirect=c3fz47,78,12,1,0,0,10,0,0,5,0,0,0,0,0,1,0,1
http://flipkart-signin-y4fn.gbg4pd.com/signin,45,31,2,2,0,2,0,1,0,0,0,0,0,0,1,0,1
https://wikipedia.net/user/profile,34,13,1,0,0,0,0,0,0,0,0,1,0,0,0,0,0
http://wikipedia-secure-0ujr.ihz8ee.com/secure,46,32,2,2,0,2,0,1,0,0,0,0,0,0,1,0,1
https://shop.coursera.io/about,30,16,2,0,0,0,0,1,0,0,0,1,0,0,0,0,0
https://shop.google.net/user/profile,36,15,2,0,0,0,0,1,0,0,0,1,0,0,0,0,0
http://nptelaccount.country/account.php,39,20,2,0,0,0,0,0,0,0,0,0,0,1,1,1,1
https://shop.leetcode.in/docs,29,16,2,0,0,0,0,1,0,0,0,1,0,0,0,0,0
http://157.32.15.181/coursera-account/e77gzd,44,13,3,1,0,12,0,2,0,0,1,0,0,0,1,0,1
http://flipkart-webscr-dmnn.vum2en.com/webscr,45,31,2,2,0,1,0,1,0,0,0,0,0,0,1,0,1
http://microsoftlogin.science/login.php,39,22,2,0,0,0,0,0,0,0,0,0,0,0,1,1,1
https://shop.nptel.io/about,27,13,2,0,0,0,0,1,0,0,0,1,0,0,0,0,0
https://en.google.io/,21,12,2,0,0,0,0,1,0,0,0,1,0,0,0,0,0
http://courseraupdate.cricket/update.php,40,22,2,0,0,0,0,0,0,0,0,0,0,0,1,1,1
http://applesecure.gq/secure.php,32,14,2,0,0,0,0,0,0,0,0,0,0,0,1,1,1
https://reddit.com/search?q=item,32,10,1,0,0,0,0,0,1,0,0,1,0,1,0,0,0
http://microsoft-update-ln82.4tl7je.com/update,46,32,2,2,0,4,0,1,0,0,0,0,0,0,1,0,1
https://chase.in/user/profile,29,8,1,0,0,0,0,0,0,0,0,1,0,0,0,0,0
https://en.nptel.edu,20,12,2,0,0,0,0,1,0,0,0,1,0,0,0,0,0
http://microsoftupdate.cricket/update.php,41,23,2,0,0,0,0,0,0,0,0,0,0,0,1,1,1
https://www.amazon.edu/search?q=item,36,14,2,0,0,0,0,1,1,0,0,1,0,0,0,0,0
http://linkedin-update-34ud.tlvr7m.com/update,45,31,2,2,0,3,0,1,0,0,0,0,0,0,1,0,1
http://reddit-login-sjev.ts1hn6.com/login,41,28,2,2,0,2,0,1,0,0,0,0,0,0,1,0,0
http://wgmf4ln5.com/stackoverflow/signin?user=rgsg6&token=a8mlik22xm&redirect=q66442,84,12,1,0,0,11,0,0,5,0,0,0,0,0,1,0,1
https://apple.org/home,22,9,1,0,0,0,0,0,0,0,0,1,0,0,0,0,0
https://www.irctc.io/user/profile,33,12,2,0,0,0,0,1,0,0,0,1,0,0,0,0,0
https://wikipedia.edu/about,27,13,1,0,0,0,0,0,0,0,0,1,0,0,0,0,1
https://flipkart.edu/docs,25,12,1,0,0,0,0,0,0,0,0,1,0,0,0,0,1
https://shop.paypal.net/docs,28,15,2,0,0,0,0,1,0,0,0,1,0,0,0,0,0
https://en.reddit.edu/user/profile,34,13,2,0,0,0,0,1,0,0,0,1,0,0,0,0,0
http://google-account-72ns.8erkd0.com/account,45,30,2,2,0,4,0,1,0,0,0,0,0,0,1,0,1
http://reddit.com@qbywlklq.zip/verify,37,12,2,0,0,0,0,0,0,1,0,0,0,0,1,1,1
http://ncmldqz0.com/spotify/account?user=5ev5k&token=z3nwxrog98&redirect=3amb3l,79,12,1,0,0,8,0,0,5,0,0,0,0,0,1,0,1
https://en.apple.io/docs,24,11,2,0,0,0,0,1,0,0,0,1,0,0,0,0,0
http://218.239.231.240/google-confirm/t9dnzw,44,15,3,1,0,13,0,2,0,0,1,0,0,0,1,0,1
https://linkedin.edu/user/profile,33,12,1,0,0,0,0,0,0,0,0,1,0,0,0,0,0
https://en.coursera.net/docs,28,15,2,0,0,0,0,1,0,0,0,1,0,0,0,0,0
https://www.chase.edu/search?q=item,35,13,2,0,0,0,0,1,1,0,0,1,0,0,0,0,0
https://shop.spotify.org/products,33,16,2,0,0,0,0,1,0,0,0,1,0,0,0,0,0
http://google-verify-pz9q.8su5nk.com/verify,43,29,2,2,0,3,0,1,0,0,0,0,0,0,1,0,1
https://shop.google.com/products,32,15,2,0,0,0,0,1,0,0,0,1,0,0,0,0,0
https://en.github.com/,22,13,2,0,0,0,0,1,0,0,0,1,0,0,0,0,0
http://spotify-webscr-wq1c.gedbt8.com/webscr,44,30,2,2,0,2,0,1,0,0,0,0,0,0,1,0,0
http://coursera-update-ba9i.n2xr83.com/update,45,31,2,2,0,4,0,1,0,0,0,0,0,0,1,0,1
https://www.paypal.edu,22,14,2,0,0,0,0,1,0,0,0,1,0,0,0,0,0
https://en.reddit.edu/,22,13,2,0,0,0,0,1,0,0,0,1,0,0,0,0,0
https://en.nptel.io/user/profile,32,11,2,0,0,0,0,1,0,0,0,1,0,0,0,0,1
http://bw6atvd1.com/nptel/verify?user=xeuq4&token=s2ftgi88tb&redirect=38wxgc,76,12,1,0,0,8,0,0,5,0,0,0,0,0,1,0,1
http://microsoft.com@ke4vzn8z.review/secure,43,15,2,0,0,2,0,0,0,1,0,0,0,0,1,1,1
http://stackoverflow-webscr-6dqa.4svkxb.com/webscr,50,36,2,2,0,2,0,1,0,0,0,0,0,0,1,0,1
http://stackoverflow.com@piwhwu6y.kim/webscr,44,12,2,0,0,1,0,0,0,1,0,0,0,0,1,1,1
http://googleconfirm.kim/confirm.php,36,17,2,0,0,0,0,0,0,0,0,0,0,0,1,1,1
https://shop.reddit.edu/docs,28,15,2,0,0,0,0,1,0,0,0,1,0,0,0,0,0
https://www.leetcode.com/docs,29,16,2,0,0,0,0,1,0,0,0,1,0,0,0,0,0
https://en.google.edu/docs,26,13,2,0,0,0,0,1,0,0,0,1,0,0,0,0,0
http://vdccazxp.com/chase/update?user=ngmzy&token=zc0mvaq93f&redirect=a2m2h0,76,12,1,0,0,6,0,0,5,0,0,0,0,0,1,0,1
http://nptel-login-jspj.00vmpq.com/login,40,27,2,2,0,2,0,1,0,0,0,0,0,0,1,0,1
http://amazon-login-41zb.lm576m.com/login,41,28,2,2,0,5,0,1,0,0,0,0,0,0,1,0,1
http://c9ogps01.com/netflix/confirm?user=32an4&token=17vf0jqqnv&redirect=ceqfga,79,12,1,0,0,9,0,0,5,0,0,0,0,0,1,0,1
https://www.reddit.in/user/profile,34,13,2,0,0,0,0,1,0,0,0,1,0,0,0,0,0
https://www.wikipedia.org/user/profile,38,17,2,0,0,0,0,1,0,0,0,1,0,0,0,0,0
http://amazonaccount.gq/account.php,35,16,2,0,0,0,0,0,0,0,0,0,0,0,1,1,1
https://flipkart.com/user/profile,33,12,1,0,0,0,0,0,0,0,0,1,0,1,0,0,0
http://md3exu7f.com/nptel/verify?user=kc781&token=hfl1zopqzf&redirect=o30x8b,76,12,1,0,0,9,0,0,5,0,0,0,0,0,1,0,1
https://shop.nptel.in/search?q=item,35,13,2,0,0,0,0,1,1,0,0,1,0,0,0,0,0
https://www.wikipedia.io,24,16,2,0,0,0,0,1,0,0,0,1,0,0,0,0,0
http://stackoverflow-login-94xf.ri09m0.com/login,48,35,2,2,0,5,0,1,0,0,0,0,0,0,1,0,1
https://coursera.io/docs,24,11,1,0,0,0,0,0,0,0,0,1,0,0,0,0,0
http://paypal.com@ckhhuz83.review/update,40,15,2,0,0,2,0,0,0,1,0,0,0,0,1,1,1
http://linkedin-login-khss.crtp08.com/login,43,30,2,2,0,2,0,1,0,0,0,0,0,0,1,0,1
http://vrgss8k5.com/google/confirm?user=ijulp&token=98rl9qfcpk&redirect=7pwtg2,78,12,1,0,0,7,0,0,5,0,0,0,0,0,1,0,1
http://netflix.com@q3w6bdj7.kim/verify,38,12,2,0,0,3,0,0,0,1,0,0,0,0,1,1,1
https://microsoft.net/about,27,13,1,0,0,0,0,0,0,0,0,1,0,0,0,0,0
http://107.211.106.97/linkedin-signin/k63rvw,44,14,3,1,0,13,0,2,0,0,1,0,0,0,1,0,1
http://paypal-secure-hsf2.aaludh.com/secure,43,29,2,2,0,1,0,1,0,0,0,0,0,0,1,0,0
https://shop.nptel.edu/home,27,14,2,0,0,0,0,1,0,0,0,1,0,0,0,0,0
http://google.com@ejebhbw9.cricket/update,41,16,2,0,0,1,0,0,0,1,0,0,0,0,1,1,1
https://amazon.org/about,24,10,1,0,0,0,0,0,0,0,0,1,0,0,0,0,1
https://irctc.edu/products,26,9,1,0,0,0,0,0,0,0,0,1,0,0,0,0,0
https://www.apple.in/about,26,12,2,0,0,0,0,1,0,0,0,1,0,0,0,0,0
http://wikipedia.com@tw1bytxz.zip/confirm,41,12,2,0,0,1,0,0,0,1,0,0,0,0,1,1,1
https://www.paypal.com/products,31,14,2,0,0,0,0,1,0,0,0,1,0,0,0,0,0
https://apple.io,16,8,1,0,0,0,0,0,0,0,0,1,0,0,0,0,0
https://www.leetcode.edu/,25,16,2,0,0,0,0,1,0,0,0,1,0,0,0,0,0
https://en.amazon.net/,22,13,2,0,0,0,0,1,0,0,0,1,0,0,0,0,0
http://linkedin.com@9wnzmo7g.review/secure,42,15,2,0,0,2,0,0,0,1,0,0,0,0,1,1,1
https://shop.spotify.in/user/profile,36,15,2,0,0,0,0,1,0,0,0,1,0,0,0,0,0
https://www.github.com/about,28,14,2,0,0,0,0,1,0,0,0,1,0,0,0,0,0
https://en.coursera.in/products,31,14,2,0,0,0,0,1,0,0,0,1,0,0,0,0,0
https://shop.apple.net/user/profile,35,14,2,0,0,0,0,1,0,0,0,1,0,0,0,0,1
http://amazon.com@0u10kwcc.kim/update,37,12,2,0,0,3,0,0,0,1,0,0,0,0,1,1,1
https://www.linkedin.io/home,28,15,2,0,0,0,0,1,0,0,0,1,0,0,0,0,0
http://microsoft-signin-k88k.686qe7.com/signin,46,32,2,2,0,6,0,1,0,0,0,0,0,0,1,0,0
https://netflix.edu/user/profile,32,11,1,0,0,0,0,0,0,0,0,1,0,0,0,0,0
https://www.irctc.org,21,13,2,0,0,0,0,1,0,0,0,1,0,0,0,0,0
https://amazon.in/user/profile,30,9,1,0,0,0,0,0,0,0,0,1,0,0,0,0,0
http://reddit.com@ja5enp2w.zip/signin,37,12,2,0,0,2,0,0,0,1,0,0,0,0,1,1,1
https://en.nptel.com/products,29,12,2,0,0,0,0,1,0,0,0,1,0,0,0,0,0
http://linkedin-webscr-1wmf.pt00e2.com/webscr,45,31,2,2,0,4,0,1,0,0,0,0,0,0,1,0,1
https://wikipedia.edu/products,30,13,1,0,0,0,0,0,0,0,0,1,0,0,0,0,0
https://shop.paypal.org/about,29,15,2,0,0,0,0,1,0,0,0,1,0,0,0,0,0
https://www.leetcode.com,24,16,2,0,0,0,0,1,0,0,0,1,0,0,0,0,0
https://shop.flipkart.edu/about,31,17,2,0,0,0,0,1,0,0,0,1,0,0,0,0,0
https://en.apple.io/docs,24,11,2,0,0,0,0,1,0,0,0,1,0,0,0,0,0
http://reddit.com@tozhdv5o.cricket/confirm,42,16,2,0,0,1,0,0,0,1,0,0,0,0,1,1,1
http://irctc.com@1hyp5mas.work/login,36,13,2,0,0,2,0,0,0,1,0,0,0,0,1,1,1
https://shop.paypal.org/products,32,15,2,0,0,0,0,1,0,0,0,1,0,0,0,0,0
https://shop.irctc.net/home,27,14,2,0,0,0,0,1,0,0,0,1,0,0,0,0,0
http://nptel.com@rr43ur4m.country/verify,40,16,2,0,0,3,0,0,0,1,0,0,0,0,1,1,1
http://116.186.1.130/linkedin-account/4p3prn,44,13,3,1,0,12,0,2,0,0,1,0,0,0,1,0,1
https://shop.apple.io,21,13,2,0,0,0,0,1,0,0,0,1,0,0,0,0,0
http://github.com@e97n6y2c.party/webscr,39,14,2,0,0,4,0,0,0,1,0,0,0,0,1,1,1
http://paypal-login-h3l1.6cr3uv.com/login,41,28,2,2,0,4,0,1,0,0,0,0,0,0,1,0,1
http://paypalconfirm.kim/confirm.php,36,17,2,0,0,0,0,0,0,0,0,0,0,0,1,1,1
https://www.google.edu/search?q=item,36,14,2,0,0,0,0,1,1,0,0,1,0,0,0,0,0
http://googlelogin.work/login.php,33,16,2,0,0,0,0,0,0,0,0,0,0,0,1,1,1
https://wikipedia.io,20,12,1,0,0,0,0,0,0,0,0,1,0,0,0,0,0
http://25.64.217.105/linkedin-webscr/hqfghd,43,13,3,1,0,10,0,2,0,0,1,0,0,0,1,0,1
http://tsxof33q.com/wikipedia/webscr?user=e6jix&token=ub4ibhif5s&redirect=l1ya1r,80,12,1,0,0,7,0,0,5,0,0,0,0,0,1,0,1
http://p4rxmd8z.com/leetcode/webscr?user=vfsrh&token=r8wmlwwvtm&redirect=nyeura,79,12,1,0,0,3,0,0,5,0,0,0,0,0,1,0,1
http://microsoft-webscr-o9s4.znmzof.com/webscr,46,32,2,2,0,2,0,1,0,0,0,0,0,0,1,0,1
http://121.233.236.159/microsoft-webscr/bzegbl,46,15,3,1,0,12,0,2,0,0,1,0,0,0,1,0,1
http://xqomts1e.com/flipkart/verify?user=gpgvt&token=n4ypkw7493&redirect=dxwor1,79,12,1,0,0,7,0,0,5,0,0,0,0,0,1,0,1
https://www.reddit.edu,22,14,2,0,0,0,0,1,0,0,0,1,0,0,0,0,0
http://nptel.com@g35sfy1h.science/verify,40,16,2,0,0,3,0,0,0,1,0,0,0,0,1,1,1
https://spotify.io/search?q=item,32,10,1,0,0,0,0,0,1,0,0,1,0,0,0,0,0
http://tmgraejp.com/netflix/account?user=fawxd&token=0dl7u1p8ot&redirect=xoushf,79,12,1,0,0,4,0,0,5,0,0,0,0,0,1,0,1
http://0k36faop.com/amazon/secure?user=rmoc0&token=k7ztdl25b7&redirect=kxupr6,77,12,1,0,0,9,0,0,5,0,0,0,0,0,1,0,1
https://www.spotify.edu/about,29,15,2,0,0,0,0,1,0,0,0,1,0,0,0,0,0
http://linkedinsecure.gq/secure.php,35,17,2,0,0,0,0,0,0,0,0,0,0,0,1,1,1
http://chase-signin-r424.tkb9oi.com/signin,42,28,2,2,0,4,0,1,0,0,0,0,0,0,1,0,1
http://87.243.240.182/wikipedia-secure/vh30qb,45,14,3,1,0,13,0,2,0,0,1,0,0,0,1,0,1
https://shop.netflix.net/home,29,16,2,0,0,0,0,1,0,0,0,1,0,0,0,0,0
https://en.amazon.in/search?q=item,34,12,2,0,0,0,0,1,1,0,0,1,0,0,0,0,0
http://231.85.75.101/google-verify/dm6z6x,41,13,3,1,0,12,0,2,0,0,1,0,0,0,1,0,1
http://92.232.85.1/leetcode-secure/51aatn,41,11,3,1,0,10,0,2,0,0,1,0,0,0,1,0,1
https://shop.paypal.in/user/profile,35,14,2,0,0,0,0,1,0,0,0,1,0,0,0,0,1
https://www.flipkart.net/search?q=item,38,16,2,0,0,0,0,1,1,0,0,1,0,0,0,0,0
http://y8umnw6l.com/linkedin/update?user=4m1tr&token=puyd6i5ho9&redirect=cy9pe0,79,12,1,0,0,9,0,0,5,0,0,0,0,0,1,0,1
http://t28p6u3u.com/nptel/webscr?user=6h0uf&token=x3030a67rl&redirect=2yj097,76,12,1,0,0,16,0,0,5,0,0,0,0,0,1,0,1
http://55.207.168.171/amazon-signin/s75t0i,42,14,3,1,0,14,0,2,0,0,1,0,0,0,1,0,1
http://aietdn1t.com/flipkart/account?user=h1xjg&token=2y8rgybxkp&redirect=m21b07,80,12,1,0,0,8,0,0,5,0,0,0,0,1,1,0,1
https://www.stackoverflow.com/search?q=item,43,21,2,0,0,0,0,1,1,0,0,1,0,0,0,0,0
https://www.spotify.in/,23,14,2,0,0,0,0,1,0,0,0,1,0,0,0,0,0
http://paypalverify.kim/verify.php,34,16,2,0,0,0,0,0,0,0,0,0,0,0,1,1,1
http://slomeyl6.com/chase/confirm?user=ss1a2&token=r5bfycw8ih&redirect=yfz9s9,77,12,1,0,0,7,0,0,5,0,0,0,0,0,1,0,1
https://www.coursera.io/products,32,15,2,0,0,0,0,1,0,0,0,1,0,0,0,0,0
https://en.reddit.net/products,30,13,2,0,0,0,0,1,0,0,0,1,0,0,0,0,0
https://en.wikipedia.net/search?q=item,38,16,2,0,0,0,0,1,1,0,0,1,0,0,0,0,0
https://google.org/about,24,10,1,0,0,0,0,0,0,0,0,1,0,0,0,0,0
https://spotify.org/user/profile,32,11,1,0,0,0,0,0,0,0,0,1,0,0,0,0,0
https://www.coursera.org/home,29,16,2,0,0,0,0,1,0,0,0,1,0,0,0,0,0
https://en.flipkart.net/home,28,15,2,0,0,0,0,1,0,0,0,1,0,0,0,0,0
http://acnu41bt.com/spotify/login?user=a3run&token=yn6irj9wr6&redirect=q5ik08,77,12,1,0,0,9,0,0,5,0,0,0,0,1,1,0,1
https://www.spotify.edu/docs,28,15,2,0,0,0,0,1,0,0,0,1,0,0,0,0,0
http://apple-update-yqbv.tdg3c6.com/update,42,28,2,2,0,2,0,1,0,0,0,0,0,0,1,0,1
http://linkedinaccount.work/account.php,39,20,2,0,0,0,0,0,0,0,0,0,0,0,1,1,1
https://shop.amazon.org,23,15,2,0,0,0,0,1,0,0,0,1,0,0,0,0,0
https://reddit.io/products,26,9,1,0,0,0,0,0,0,0,0,1,0,0,0,0,0
http://github-secure-v1rd.nf4x13.com/secure,43,29,2,2,0,4,0,1,0,0,0,0,0,0,1,0,1
https://www.stackoverflow.net/search?q=item,43,21,2,0,0,0,0,1,1,0,0,1,0,0,0,0,0
http://wikipedia-verify-ff3t.r7wb42.com/verify,46,32,2,2,0,4,0,1,0,0,0,0,0,0,1,0,1
https://en.nptel.edu/docs,25,12,2,0,0,0,0,1,0,0,0,1,0,0,0,0,0
https://en.apple.edu,20,12,2,0,0,0,0,1,0,0,0,1,0,0,0,0,0
https://en.coursera.net/user/profile,36,15,2,0,0,0,0,1,0,0,0,1,0,0,0,0,0
http://a8jx54pe.com/flipkart/signin?user=gjks4&token=i2nr1p02jy&redirect=v6yjoa,79,12,1,0,0,9,0,0,5,0,0,0,0,0,1,0,1
http://microsoft.com@9p5z5zlm.cricket/login,43,16,2,0,0,3,0,0,0,1,0,0,0,0,1,1,1
http://179.117.167.216/flipkart-account/4nkio5,46,15,3,1,0,14,0,2,0,0,1,0,0,0,1,0,0
http://nptel.com@0mmug8xj.cricket/confirm,41,16,2,0,0,2,0,0,0,1,0,0,0,0,1,1,1
http://244.107.154.190/amazon-account/wct8jb,44,15,3,1,0,13,0,2,0,0,1,0,0,0,1,0,0
https://leetcode.net,20,12,1,0,0,0,0,0,0,0,0,1,0,0,0,0,0
http://pncc2kei.com/microsoft/verify?user=vli77&token=jzc58cu47s&redirect=oczdq7,80,12,1,0,0,8,0,0,5,0,0,0,0,0,1,0,1
https://www.microsoft.org/home,30,17,2,0,0,0,0,1,0,0,0,1,0,0,0,0,0
http://paypal.com@1io1zm4l.review/confirm,41,15,2,0,0,3,0,0,0,1,0,0,0,0,1,1,1
https://en.spotify.io/search?q=item,35,13,2,0,0,0,0,1,1,0,0,1,0,0,0,0,0
http://dixcvtfh.com/microsoft/webscr?user=akrow&token=x4kk1r6l5a&redirect=kg06gk,80,12,1,0,0,6,0,0,5,0,0,0,0,0,1,0,0
http://20.108.139.1/coursera-confirm/pvev64,43,12,3,1,0,11,0,2,0,0,1,0,0,0,1,0,1
http://irctc-webscr-c72b.m2o2zc.com/webscr,42,28,2,2,0,4,0,1,0,0,0,0,0,0,1,0,1
http://reddit-signin-odpk.1acfsf.com/signin,43,29,2,2,0,1,0,1,0,0,0,0,0,0,1,0,1
http://irctcsecure.country/secure.php,37,19,2,0,0,0,0,0,0,0,0,0,0,0,1,1,1
http://stackoverflow.com@04bfpv0v.review/secure,47,15,2,0,0,3,0,0,0,1,0,0,0,0,1,1,1
http://jlei6wgl.com/stackoverflow/verify?user=8i9ak&token=fd18tlty7w&redirect=29max6,84,12,1,0,0,9,0,0,5,0,0,0,0,0,1,0,1
http://106.175.228.141/nptel-webscr/ilvb8d,42,15,3,1,0,13,0,2,0,0,1,0,0,0,1,0,1
http://irctc.com@zcssf8hs.gq/webscr,35,11,2,0,0,1,0,0,0,1,0,0,0,0,1,1,1
https://en.github.io/,21,12,2,0,0,0,0,1,0,0,0,1,0,0,0,0,0
http://spotifyaccount.kim/account.php,37,18,2,0,0,0,0,0,0,0,0,0,0,0,1,1,1
https://wikipedia.net/user/profile,34,13,1,0,0,0,0,0,0,0,0,1,0,0,0,0,0
https://www.paypal.net/,23,14,2,0,0,0,0,1,0,0,0,1,0,0,0,0,1
http://paypal.com@8l008uhb.cricket/login,40,16,2,0,0,4,0,0,0,1,0,0,0,0,1,1,1
http://pinxtxb1.com/google/signin?user=761m3&token=j1ha0w5271&redirect=3t87k9,77,12,1,0,0,15,0,0,5,0,0,0,0,0,1,0,1
https://en.leetcode.edu/user/profile,36,15,2,0,0,0,0,1,0,0,0,1,0,0,0,0,0
http://paypalwebscr.gq/webscr.php,33,15,2,0,0,0,0,0,0,0,0,0,0,0,1,1,1
https://amazon.net/,19,10,1,0,0,0,0,0,0,0,0,1,0,0,0,0,0
https://en.google.in/search?q=item,34,12,2,0,0,0,0,1,1,0,0,1,0,0,0,0,0
http://stackoverflow-account-4x5b.waen7y.com/account,52,37,2,2,0,3,0,1,0,0,0,0,0,0,1,0,1
https://en.nptel.net/docs,25,12,2,0,0,0,0,1,0,0,0,1,0,0,0,0,0
https://leetcode.in/products,28,11,1,0,0,0,0,0,0,0,0,1,0,0,0,0,1
http://87.120.122.155/nptel-login/lcre8u,40,14,3,1,0,12,0,2,0,0,1,0,0,0,1,0,0
https://www.irctc.com/about,27,13,2,0,0,0,0,1,0,0,0,1,0,0,0,0,0
http://iaiprqq5.com/microsoft/confirm?user=qob86&token=7kbqnxpvms&redirect=r75rmg,81,12,1,0,0,6,0,0,5,0,0,0,0,0,1,0,1
https://www.spotify.in/,23,14,2,0,0,0,0,1,0,0,0,1,0,0,0,0,0
http://coursera.com@34670chq.kim/confirm,40,12,2,0,0,5,0,0,0,1,0,0,0,0,1,1,1
https://shop.google.in/home,27,14,2,0,0,0,0,1,0,0,0,1,0,0,0,0,0
https://shop.coursera.org/home,30,17,2,0,0,0,0,1,0,0,0,1,0,0,0,0,0
https://microsoft.com/docs,26,13,1,0,0,0,0,0,0,0,0,1,0,1,0,0,0
http://amazon.com@9knbz9h0.tk/account,37,11,2,0,0,3,0,0,0,1,0,0,0,0,1,1,1
https://shop.apple.edu/user/profile,35,14,2,0,0,0,0,1,0,0,0,1,0,0,0,0,0
http://microsoft.com@99zjuk9q.gq/account,40,11,2,0,0,3,0,0,0,1,0,0,0,0,1,1,1
https://www.nptel.edu,21,13,2,0,0,0,0,1,0,0,0,1,0,0,0,0,0
https://shop.reddit.edu/user/profile,36,15,2,0,0,0,0,1,0,0,0,1,0,0,0,0,0
https://www.wikipedia.in/about,30,16,2,0,0,0,0,1,0,0,0,1,0,0,0,0,0
https://shop.irctc.net/docs,27,14,2,0,0,0,0,1,0,0,0,1,0,0,0,0,0
http://ejcy127h.com/stackoverflow/login?user=6gmd4&token=78mfs0iudu&redirect=ahgk6t,83,12,1,0,0,9,0,0,5,0,0,0,0,0,1,0,1
http://143.225.139.147/github-update/t52lk3,43,15,3,1,0,15,0,2,0,0,1,0,0,0,1,0,1
http://leetcode.com@hp4nn4gc.gq/verify,38,11,2,0,0,2,0,0,0,1,0,0,0,0,1,1,1
http://githubconfirm.party/confirm.php,38,19,2,0,0,0,0,0,0,0,0,0,0,0,1,1,1
http://google.com@wrr513bb.country/webscr,41,16,2,0,0,3,0,0,0,1,0,0,0,0,1,1,1
https://www.github.com/products,31,14,2,0,0,0,0,1,0,0,0,1,0,0,0,0,0
https://github.net/home,23,10,1,0,0,0,0,0,0,0,0,1,0,0,0,0,0
https://en.stackoverflow.com/search?q=item,42,20,2,0,0,0,0,1,1,0,0,1,0,0,0,0,0
http://apple.com@590z92jn.kim/signin,36,12,2,0,0,5,0,0,0,1,0,0,0,0,1,1,1
http://stackoverflow-verify-7nxp.0jf6dn.com/verify,50,36,2,2,0,3,0,1,0,0,0,0,0,0,1,0,1
https://linkedin.org/products,29,12,1,0,0,0,0,0,0,0,0,1,0,0,0,0,0
https://shop.irctc.in,21,13,2,0,0,0,0,1,0,0,0,1,0,0,0,0,0
http://amazonsignin.review/signin.php,37,19,2,0,0,0,0,0,0,0,0,0,0,0,1,1,1
https://linkedin.io/products,28,11,1,0,0,0,0,0,0,0,0,1,0,0,0,0,0
https://stackoverflow.org/user/profile,38,17,1,0,0,0,0,0,0,0,0,1,0,0,0,0,0
http://stackoverflowlogin.science/login.php,43,26,2,0,0,0,0,0,0,0,0,0,0,0,1,1,1
http://spotify.com@twgqio1m.country/confirm,43,16,2,0,0,1,0,0,0,1,0,0,0,0,1,1,1
https://www.google.edu/docs,27,14,2,0,0,0,0,1,0,0,0,1,0,0,0,0,0
http://google-webscr-1zsc.mo1pob.com/webscr,43,29,2,2,0,2,0,1,0,0,0,0,0,0,1,0,1
http://u0k5qzzk.com/leetcode/webscr?user=w3gi6&token=0q6guo8i5j&redirect=wk6z0h,79,12,1,0,0,10,0,0,5,0,0,0,0,0,1,0,1
https://en.irctc.com/home,25,12,2,0,0,0,0,1,0,0,0,1,0,0,0,0,0
https://en.paypal.org/user/profile,34,13,2,0,0,0,0,1,0,0,0,1,0,0,0,0,0
http://netflix.com@4lz95aoq.country/update,42,16,2,0,0,3,0,0,0,1,0,0,0,0,1,1,1
https://en.microsoft.net/,25,16,2,0,0,0,0,1,0,0,0,1,0,0,0,0,0
http://6fbf4fkk.com/amazon/login?user=hyb0r&token=3x9dw7zpeu&redirect=wdnvmo,76,12,1,0,0,6,0,0,5,0,0,0,0,0,1,0,1
https://www.wikipedia.in,24,16,2,0,0,0,0,1,0,0,0,1,0,0,0,0,0
http://63.3.11.78/microsoft-secure/kpk7fv,41,10,3,1,0,8,0,2,0,0,1,0,0,0,1,0,1
http://irctc.com@6xn6lcpy.science/webscr,40,16,2,0,0,2,0,0,0,1,0,0,0,0,1,1,1
https://shop.apple.io/user/profile,34,13,2,0,0,0,0,1,0,0,0,1,0,0,0,0,0
https://www.github.edu/home,27,14,2,0,0,0,0,1,0,0,0,1,0,0,0,0,0
http://leetcode.com@3wy8y2de.kim/confirm,40,12,2,0,0,3,0,0,0,1,0,0,0,0,1,1,1
http://48.234.92.79/paypal-account/ft1pwv,41,12,3,1,0,10,0,2,0,0,1,0,0,0,1,0,1
http://mgk2f5fe.com/paypal/webscr?user=6ouwz&token=k4ie86db5r&redirect=r1v9np,77,12,1,0,0,9,0,0,5,0,0,0,0,0,1,0,1
http://paypal.com@6o6f7n2e.science/signin,41,16,2,0,0,4,0,0,0,1,0,0,0,0,1,1,1
https://flipkart.net/about,26,12,1,0,0,0,0,0,0,0,0,1,0,0,0,0,0
http://microsoft.com@248f3vko.country/update,44,16,2,0,0,4,0,0,0,1,0,0,0,0,1,1,1
http://spotifylogin.review/login.php,36,19,2,0,0,0,0,0,0,0,0,0,0,0,1,1,1
https://www.paypal.in/,22,13,2,0,0,0,0,1,0,0,0,1,0,0,0,0,0
https://en.irctc.in,19,11,2,0,0,0,0,1,0,0,0,1,0,0,0,0,0
http://wikipediasecure.tk/secure.php,36,18,2,0,0,0,0,0,0,0,0,0,0,0,1,1,1
https://reddit.org/about,24,10,1,0,0,0,0,0,0,0,0,1,0,0,0,0,0
https://www.wikipedia.in/about,30,16,2,0,0,0,0,1,0,0,0,1,0,0,0,0,0
http://spotifyupdate.cricket/update.php,39,21,2,0,0,0,0,0,0,0,0,0,0,0,1,1,1
https://en.chase.edu/,21,12,2,0,0,0,0,1,0,0,0,1,0,0,0,0,0
http://lv76mf4n.com/irctc/update?user=nkm95&token=d0p92k38p6&redirect=fvdhr5,76,12,1,0,0,12,0,0,5,0,0,0,0,0,1,0,1
https://www.chase.com/search?q=item,35,13,2,0,0,0,0,1,1,0,0,1,0,0,0,0,0
http://leetcode.com@2m77rxzd.work/signin,40,13,2,0,0,3,0,0,0,1,0,0,0,0,1,1,1
http://108.125.4.129/wikipedia-update/co58p8,44,13,3,1,0,13,0,2,0,0,1,0,0,0,1,0,1
http://google.com@ty36mat2.review/update,40,15,2,0,0,3,0,0,0,1,0,0,0,0,1,1,1
https://www.stackoverflow.in/docs,33,20,2,0,0,0,0,1,0,0,0,1,0,0,0,0,0
http://stackoverflow.com@e2u2mda7.country/account,49,16,2,0,0,3,0,0,0,1,0,0,0,0,1,1,1
https://www.flipkart.net/docs,29,16,2,0,0,0,0,1,0,0,0,1,0,0,0,0,0
http://wikipedia.com@01loi4p2.country/secure,44,16,2,0,0,4,0,0,0,1,0,0,0,0,1,1,1
http://252.37.231.178/chase-signin/upb22o,41,14,3,1,0,13,0,2,0,0,1,0,0,0,1,0,1
https://www.apple.in/docs,25,12,2,0,0,0,0,1,0,0,0,1,0,0,0,0,0
http://redditsignin.tk/signin.php,33,15,2,0,0,0,0,0,0,0,0,0,0,0,1,1,1
https://www.coursera.in/about,29,15,2,0,0,0,0,1,0,0,0,1,0,0,0,0,0
https://shop.leetcode.com/,26,17,2,0,0,0,0,1,0,0,0,1,0,0,0,0,0
http://amazon.com@6qgbfv9x.work/secure,38,13,2,0,0,2,0,0,0,1,0,0,0,0,1,1,0
https://apple.in,16,8,1,0,0,0,0,0,0,0,0,1,0,0,0,0,0
https://en.stackoverflow.edu/user/profile,41,20,2,0,0,0,0,1,0,0,0,1,0,0,0,0,0
https://www.irctc.org/search?q=item,35,13,2,0,0,0,0,1,1,0,0,1,0,0,0,0,0
http://ezg52kre.com/nptel/webscr?user=4v9ky&token=pofkjw6nyq&redirect=aelyyz,76,12,1,0,0,5,0,0,5,0,0,0,0,0,1,0,1
http://microsoft-update-ltr9.uqrvn2.com/update,46,32,2,2,0,2,0,1,0,0,0,0,0,0,1,0,0
http://amazonsignin.tk/signin.php,33,15,2,0,0,0,0,0,0,0,0,0,0,0,1,1,1
http://netflixsecure.kim/secure.php,35,17,2,0,0,0,0,0,0,0,0,0,0,0,1,1,1
http://w3hhigvu.com/amazon/signin?user=mmwcm&token=zx8j5ms20t&redirect=3t9lp2,77,12,1,0,0,8,0,0,5,0,0,0,0,0,1,0,1
http://stackoverflow-account-it72.723ba9.com/account,52,37,2,2,0,6,0,1,0,0,0,0,0,0,1,0,1
http://l6kk2nip.com/google/confirm?user=g43tl&token=rcelmdz5va&redirect=iegd57,78,12,1,0,0,7,0,0,5,0,0,0,0,0,1,0,1
https://nptel.in,16,8,1,0,0,0,0,0,0,0,0,1,0,0,0,0,0
http://netflixlogin.tk/login.php,32,15,2,0,0,0,0,0,0,0,0,0,0,0,1,1,1
https://en.spotify.net,22,14,2,0,0,0,0,1,0,0,0,1,0,0,0,0,0
https://shop.github.edu/products,32,15,2,0,0,0,0,1,0,0,0,1,0,0,0,0,0
https://en.github.io/docs,25,12,2,0,0,0,0,1,0,0,0,1,0,0,0,0,0
http://stackoverflowsignin.science/signin.php,45,27,2,0,0,0,0,0,0,0,0,0,0,0,1,1,1
https://www.chase.org/,22,13,2,0,0,0,0,1,0,0,0,1,0,0,0,0,0
http://wikipedia.com@dpdxujjc.gq/login,38,11,2,0,0,0,0,0,0,1,0,0,0,0,1,1,0
http://courseraverify.gq/verify.php,35,17,2,0,0,0,0,0,0,0,0,0,0,0,1,1,1
http://131.227.215.107/github-confirm/f6apfx,44,15,3,1,0,13,0,2,0,0,1,0,0,0,1,0,1
https://shop.chase.edu/about,28,14,2,0,0,0,0,1,0,0,0,1,0,0,0,0,0
https://en.reddit.io/home,25,12,2,0,0,0,0,1,0,0,0,1,0,0,0,0,0
https://microsoft.com,21,13,1,0,0,0,0,0,0,0,0,1,0,1,0,0,0
https://en.coursera.io/home,27,14,2,0,0,0,0,1,0,0,0,1,0,0,0,0,0
http://github-verify-8t18.s1saxt.com/verify,43,29,2,2,0,4,0,1,0,0,0,0,0,1,1,0,1
http://3k0e34tk.com/linkedin/update?user=wih73&token=p4m7b0vzgu&redirect=gnqvno,79,12,1,0,0,9,0,0,5,0,0,0,0,0,1,0,1
https://apple.net/,18,9,1,0,0,0,0,0,0,0,0,1,0,0,0,0,0
https://paypal.edu/docs,23,10,1,0,0,0,0,0,0,0,0,1,0,0,0,0,0
https://shop.paypal.io/about,28,14,2,0,0,0,0,1,0,0,0,1,0,0,0,0,0
http://netflix.com@k1qy7hyl.kim/confirm,39,12,2,0,0,2,0,0,0,1,0,0,0,0,1,1,1
http://4rtgooxu.com/coursera/secure?user=cr9c0&token=tk1qqfvwuo&redirect=11k09n,79,12,1,0,0,8,0,0,5,0,0,0,0,0,1,0,1
http://leetcode.com@dx6uzs1x.cricket/verify,43,16,2,0,0,2,0,0,0,1,0,0,0,0,1,1,1
http://microsoft.com@40i6qv4t.science/verify,44,16,2,0,0,4,0,0,0,1,0,0,0,0,1,1,1
https://shop.leetcode.org/docs,30,17,2,0,0,0,0,1,0,0,0,1,0,0,0,0,0
http://githubupdate.gq/update.php,33,15,2,0,0,0,0,0,0,0,0,0,0,0,1,1,1
http://google.com@l4w7s3go.country/login,40,16,2,0,0,3,0,0,0,1,0,0,0,0,1,1,1
http://187.13.100.85/google-signin/piqjpb,41,13,3,1,0,10,0,2,0,0,1,0,0,0,1,0,1
https://shop.stackoverflow.com/products,39,22,2,0,0,0,0,1,0,0,0,1,0,0,0,0,0
https://paypal.net/docs,23,10,1,0,0,0,0,0,0,0,0,1,0,0,0,0,0
http://15.251.69.104/leetcode-login/od8wac,42,13,3,1,0,11,0,2,0,0,1,0,0,0,1,0,1
http://154.253.176.5/stackoverflow-signin/f2zqoy,48,13,3,1,0,11,0,2,0,0,1,0,0,0,1,0,1
https://shop.reddit.net/docs,28,15,2,0,0,0,0,1,0,0,0,1,0,0,0,0,0
http://paypal.com@3uq1amkt.kim/update,37,12,2,0,0,2,0,0,0,1,0,0,0,0,1,1,1
https://www.irctc.net/user/profile,34,13,2,0,0,0,0,1,0,0,0,1,0,0,0,0,0
https://shop.google.edu/home,28,15,2,0,0,0,0,1,0,0,0,1,0,0,0,0,0
https://shop.github.net/products,32,15,2,0,0,0,0,1,0,0,0,1,0,0,0,0,0
https://en.stackoverflow.org/,29,20,2,0,0,0,0,1,0,0,0,1,0,0,0,0,0
http://6zmbytjp.com/microsoft/verify?user=tvh31&token=a2mf3g1pux&redirect=jcn0cl,80,12,1,0,0,7,0,0,5,0,0,0,0,0,1,0,1
http://wikipedia.com@nchkv9dt.tk/confirm,40,11,2,0,0,1,0,0,0,1,0,0,0,0,1,1,1
http://178.168.113.24/stackoverflow-webscr/mg6ooh,49,14,3,1,0,12,0,2,0,0,1,0,0,0,1,0,1
http://xvfgigv3.com/apple/login?user=wagb2&token=rh7326xpj2&redirect=qi80ka,75,12,1,0,0,9,0,0,5,0,0,0,0,0,1,0,1
http://stackoverflowverify.zip/verify.php,41,23,2,0,0,0,0,0,0,0,0,0,0,0,1,1,1
http://paypal-signin-5vuu.pltxu3.com/signin,43,29,2,2,0,2,0,1,0,0,0,0,0,0,1,0,1
https://www.chase.com/about,27,13,2,0,0,0,0,1,0,0,0,1,0,0,0,0,0
https://shop.nptel.org/products,31,14,2,0,0,0,0,1,0,0,0,1,0,0,0,0,0
http://nptelsignin.science/signin.php,37,19,2,0,0,0,0,0,0,0,0,0,0,0,1,1,1
https://en.apple.com/user/profile,33,12,2,0,0,0,0,1,0,0,0,1,0,0,0,0,0
http://paypalconfirm.tk/confirm.php,35,16,2,0,0,0,0,0,0,0,0,0,0,0,1,1,1
https://en.chase.edu,20,12,2,0,0,0,0,1,0,0,0,1,0,0,0,0,0
https://www.linkedin.edu,24,16,2,0,0,0,0,1,0,0,0,1,0,0,0,0,0
http://211.212.78.214/flipkart-webscr/vr0i2f,44,14,3,1,0,13,0,2,0,0,1,0,0,0,1,0,1
http://google.com@ni37zcga.review/signin,40,15,2,0,0,2,0,0,0,1,0,0,0,0,1,1,1
https://en.amazon.org,21,13,2,0,0,0,0,1,0,0,0,1,0,0,0,0,0
https://en.coursera.org/search?q=item,37,15,2,0,0,0,0,1,1,0,0,1,0,0,0,0,0
http://linkedinlogin.country/login.php,38,21,2,0,0,0,0,0,0,0,0,0,0,0,1,1,1
https://reddit.edu/,19,10,1,0,0,0,0,0,0,0,0,1,0,0,0,0,0
http://coursera.com@qg2xgdh3.tk/update,38,11,2,0,0,2,0,0,0,1,0,0,0,0,1,1,0
http://googleaccount.zip/account.php,36,17,2,0,0,0,0,0,0,0,0,0,0,0,1,1,1
https://en.nptel.org/user/profile,33,12,2,0,0,0,0,1,0,0,0,1,0,0,0,0,0
https://www.paypal.org/about,28,14,2,0,0,0,0,1,0,0,0,1,0,0,0,0,0
http://github.com@iv9rydvn.work/webscr,38,13,2,0,0,1,0,0,0,1,0,0,0,0,1,1,1
http://3aut3rsv.com/reddit/secure?user=z2e18&token=6gvgt2eehf&redirect=u4b9sn,77,12,1,0,0,9,0,0,5,0,0,0,0,0,1,0,1
https://en.apple.io/user/profile,32,11,2,0,0,0,0,1,0,0,0,1,0,0,0,0,0
https://shop.flipkart.net/products,34,17,2,0,0,0,0,1,0,0,0,1,0,0,0,0,0
http://microsoftlogin.science/login.php,39,22,2,0,0,0,0,0,0,0,0,0,0,0,1,1,1
http://79.126.217.166/linkedin-signin/w0kq8s,44,14,3,1,0,13,0,2,0,0,1,0,0,0,1,0,1
https://en.paypal.io/,21,12,2,0,0,0,0,1,0,0,0,1,0,0,0,0,0
http://160.214.17.23/wikipedia-signin/kh3v10,44,13,3,1,0,13,0,2,0,0,1,0,0,0,1,0,1
https://leetcode.in,19,11,1,0,0,0,0,0,0,0,0,1,0,0,0,0,0
http://paypal.com@bx2wfiyo.gq/webscr,36,11,2,0,0,1,0,0,0,1,0,0,0,0,1,1,1
https://www.leetcode.edu/about,30,16,2,0,0,0,0,1,0,0,0,1,0,0,0,0,0
http://paypalupdate.cricket/update.php,38,20,2,0,0,0,0,0,0,0,0,0,0,0,1,1,1
https://shop.reddit.in/,23,14,2,0,0,0,0,1,0,0,0,1,0,0,0,0,1
http://flipkartconfirm.kim/confirm.php,38,19,2,0,0,0,0,0,0,0,0,0,0,0,1,1,1
http://en4052w8.com/paypal/account?user=li3if&token=9aizh5p3fk&redirect=84rpu9,78,12,1,0,0,12,0,0,5,0,0,0,0,0,1,0,1
https://shop.reddit.org/home,28,15,2,0,0,0,0,1,0,0,0,1,0,0,0,0,0
https://www.irctc.in/home,25,12,2,0,0,0,0,1,0,0,0,1,0,0,0,0,0
https://www.paypal.in/docs,26,13,2,0,0,0,0,1,0,0,0,1,0,0,0,0,0
https://www.chase.org,21,13,2,0,0,0,0,1,0,0,0,1,0,0,0,0,0
http://netflix.com@z3ha6cbb.tk/signin,37,11,2,0,0,2,0,0,0,1,0,0,0,0,1,1,1
http://linkedin-verify-xfh4.1a68t2.com/verify,45,31,2,2,0,5,0,1,0,0,0,0,0,0,1,0,0
https://www.leetcode.net,24,16,2,0,0,0,0,1,0,0,0,1,0,0,0,0,0
https://paypal.io/,18,9,1,0,0,0,0,0,0,0,0,1,0,0,0,0,0
http://g92sjp75.com/spotify/signin?user=3k48o&token=ldc08fc0tr&redirect=58ps0r,78,12,1,0,0,13,0,0,5,0,0,0,0,0,1,0,1
https://www.chase.org,21,13,2,0,0,0,0,1,0,0,0,1,0,0,0,0,0
https://en.linkedin.in/about,28,14,2,0,0,0,0,1,0,0,0,1,0,0,0,0,0
http://github.com@46n05fl0.work/update,38,13,2,0,0,5,0,0,0,1,0,0,0,0,1,1,1
http://stackoverflowupdate.work/update.php,42,24,2,0,0,0,0,0,0,0,0,0,0,0,1,1,1
https://shop.leetcode.edu,25,17,2,0,0,0,0,1,0,0,0,1,0,0,0,0,0
http://158.113.150.200/spotify-account/hyjeed,45,15,3,1,0,12,0,2,0,0,1,0,0,0,1,0,1
http://81.220.59.12/nptel-verify/fncrn3,39,12,3,1,0,10,0,2,0,0,1,0,0,0,1,0,1
http://netflixaccount.kim/account.php,37,18,2,0,0,0,0,0,0,0,0,0,0,0,1,1,1
https://www.linkedin.com/docs,29,16,2,0,0,0,0,1,0,0,0,1,0,0,0,0,0
http://stackoverflowaccount.party/account.php,45,26,2,0,0,0,0,0,0,0,0,0,0,0,1,1,1
https://en.google.io/about,26,12,2,0,0,0,0,1,0,0,0,1,0,0,0,0,0
http://31.37.226.237/apple-signin/egtylp,40,13,3,1,0,10,0,2,0,0,1,0,0,0,1,0,1
http://netflix.com@7pum32yp.work/confirm,40,13,2,0,0,3,0,0,0,1,0,0,0,0,1,1,1
http://apple-login-zj9m.j9xxlb.com/login,40,27,2,2,0,2,0,1,0,0,0,0,0,0,1,0,1
https://en.amazon.io/products,29,12,2,0,0,0,0,1,0,0,0,1,0,0,0,0,0
https://en.reddit.com/search?q=item,35,13,2,0,0,0,0,1,1,0,0,1,0,1,0,0,0
https://www.stackoverflow.io/home,33,20,2,0,0,0,0,1,0,0,0,1,0,0,0,0,0
http://nptelupdate.kim/update.php,33,15,2,0,0,0,0,0,0,0,0,0,0,0,1,1,1
https://en.github.net/about,27,13,2,0,0,0,0,1,0,0,0,1,0,0,0,0,0
https://www.wikipedia.edu/,26,17,2,0,0,0,0,1,0,0,0,1,0,0,0,0,0
http://amazonlogin.zip/login.php,32,15,2,0,0,0,0,0,0,0,0,0,0,0,1,1,1
https://wikipedia.net,21,13,1,0,0,0,0,0,0,0,0,1,0,0,0,0,0
http://netflix.com@opidlaxa.kim/update,38,12,2,0,0,0,0,0,0,1,0,0,0,0,1,1,1
https://stackoverflow.io/home,29,16,1,0,0,0,0,0,0,0,0,1,0,0,0,0,0
https://www.wikipedia.com/home,30,17,2,0,0,0,0,1,0,0,0,1,0,0,0,0,0
https://www.microsoft.in/,25,16,2,0,0,0,0,1,0,0,0,1,0,0,0,0,0
http://spotify.com@ke8rcvfv.party/secure,40,14,2,0,0,1,0,0,0,1,0,0,0,0,1,1,1
https://shop.linkedin.edu/docs,30,17,2,0,0,0,0,1,0,0,0,1,0,0,0,0,1
https://www.reddit.in/,22,13,2,0,0,0,0,1,0,0,0,1,0,0,0,0,0
https://en.coursera.com/search?q=item,37,15,2,0,0,0,0,1,1,0,0,1,0,0,0,0,0
https://shop.github.net/products,32,15,2,0,0,0,0,1,0,0,0,1,0,0,0,0,0
https://flipkart.in/about,25,11,1,0,0,0,0,0,0,0,0,1,0,0,0,0,0
http://nmvqltzq.com/spotify/verify?user=wdyvy&token=bscgju2t0j&redirect=esgq4b,78,12,1,0,0,3,0,0,5,0,0,0,0,0,1,0,1
http://nptel-webscr-lpg7.gvlhwx.com/webscr,42,28,2,2,0,1,0,1,0,0,0,0,0,0,1,0,1
https://www.amazon.com/products,31,14,2,0,0,0,0,1,0,0,0,1,0,0,0,0,0
https://reddit.org/docs,23,10,1,0,0,0,0,0,0,0,0,1,0,0,0,0,0
http://stackoverflowwebscr.kim/webscr.php,41,23,2,0,0,0,0,0,0,0,0,0,0,0,1,1,1
http://101.230.201.132/spotify-verify/xzdirh,44,15,3,1,0,12,0,2,0,0,1,0,0,0,1,0,1
https://irctc.net/home,22,9,1,0,0,0,0,0,0,0,0,1,0,0,0,0,0
http://9x0740c9.com/linkedin/confirm?user=8uzzy&token=00ew9jzf4e&redirect=pm7zdn,80,12,1,0,0,12,0,0,5,0,0,0,0,0,1,0,1
http://wikipediasignin.cricket/signin.php,41,23,2,0,0,0,0,0,0,0,0,0,0,0,1,1,1
http://146.43.141.207/github-webscr/9c4qlo,42,14,3,1,0,13,0,2,0,0,1,0,0,0,1,0,1
http://102.56.55.254/irctc-verify/dk5199,40,13,3,1,0,14,0,2,0,0,1,0,0,0,1,0,1
http://wikipediasignin.cricket/signin.php,41,23,2,0,0,0,0,0,0,0,0,0,0,0,1,1,1
https://microsoft.com/search?q=item,35,13,1,0,0,0,0,0,1,0,0,1,0,1,0,0,0
https://en.reddit.io/search?q=item,34,12,2,0,0,0,0,1,1,0,0,1,0,0,0,0,0
http://55.120.14.132/nptel-secure/q64do4,40,13,3,1,0,13,0,2,0,0,1,0,0,0,1,0,1
http://irctc.com@bypjdfaw.cricket/account,41,16,2,0,0,0,0,0,0,1,0,0,0,0,1,1,1
https://en.nptel.in,19,11,2,0,0,0,0,1,0,0,0,1,0,0,0,0,0
https://en.spotify.com/user/profile,35,14,2,0,0,0,0,1,0,0,0,1,0,0,0,0,0
https://en.microsoft.edu,24,16,2,0,0,0,0,1,0,0,0,1,0,0,0,0,0
http://48enwbba.com/flipkart/webscr?user=dlypg&token=g6n6975j2d&redirect=8clw3j,79,12,1,0,0,10,0,0,5,0,0,0,0,0,1,0,1
https://spotify.org/docs,24,11,1,0,0,0,0,0,0,0,0,1,0,0,0,0,0
http://github.com@4rzgyd49.work/update,38,13,2,0,0,3,0,0,0,1,0,0,0,0,1,1,1
http://wikipedia.com@mc2rh2xk.cricket/verify,44,16,2,0,0,2,0,0,0,1,0,0,0,0,1,1,1
http://chasewebscr.tk/webscr.php,32,14,2,0,0,0,0,0,0,0,0,0,0,0,1,1,1
https://shop.microsoft.com/home,31,18,2,0,0,0,0,1,0,0,0,1,0,1,0,0,0
https://en.microsoft.edu,24,16,2,0,0,0,0,1,0,0,0,1,0,0,0,0,0
http://github-login-o8bo.t6atj4.com/login,41,28,2,2,0,3,0,1,0,0,0,0,0,0,1,0,1
https://shop.amazon.org/user/profile,36,15,2,0,0,0,0,1,0,0,0,1,0,0,0,0,0
http://github.com@dw56fkps.review/login,39,15,2,0,0,2,0,0,0,1,0,0,0,0,1,1,1
https://en.reddit.net/search?q=item,35,13,2,0,0,0,0,1,1,0,0,1,0,0,0,0,0
https://www.reddit.in/search?q=item,35,13,2,0,0,0,0,1,1,0,0,1,0,0,0,0,0
https://en.irctc.org/,21,12,2,0,0,0,0,1,0,0,0,1,0,0,0,0,0
https://google.edu/,19,10,1,0,0,0,0,0,0,0,0,1,0,0,0,0,0
http://courseralogin.party/login.php,36,19,2,0,0,0,0,0,0,0,0,0,0,0,1,1,1
https://www.wikipedia.com/user/profile,38,17,2,0,0,0,0,1,0,0,0,1,0,0,0,0,0
https://shop.leetcode.in/docs,29,16,2,0,0,0,0,1,0,0,0,1,0,0,0,0,0
http://e02toxou.com/spotify/account?user=0y9ix&token=fy1z682r6z&redirect=l1khw8,79,12,1,0,0,11,0,0,5,0,0,0,0,0,1,0,1
http://218.132.46.140/spotify-update/ylbi18,43,14,3,1,0,13,0,2,0,0,1,0,0,0,1,0,0
https://www.chase.net/search?q=item,35,13,2,0,0,0,0,1,1,0,0,1,0,0,0,0,0
http://irctcverify.party/verify.php,35,17,2,0,0,0,0,0,0,0,0,0,0,0,1,1,1
http://128.208.169.214/microsoft-confirm/mip11y,47,15,3,1,0,14,0,2,0,0,1,0,0,0,1,0,1
http://paypal.com@ngc4xaic.review/login,39,15,2,0,0,1,0,0,0,1,0,0,0,0,1,1,1
http://irctcwebscr.tk/webscr.php,32,14,2,0,0,0,0,0,0,0,0,0,0,0,1,1,1
http://linkedin-update-1a57.e8a54h.com/update,45,31,2,2,0,6,0,1,0,0,0,0,0,0,1,0,0
https://en.chase.net/products,29,12,2,0,0,0,0,1,0,0,0,1,0,0,0,0,0
http://ywwimt85.com/apple/login?user=45yrw&token=vtkh861pqi&redirect=pg8xmo,75,12,1,0,0,8,0,0,5,0,0,0,0,0,1,0,1
http://stackoverflow-signin-vr79.yt1s4j.com/signin,50,36,2,2,0,4,0,1,0,0,0,0,0,0,1,0,1
https://www.wikipedia.in/docs,29,16,2,0,0,0,0,1,0,0,0,1,0,0,0,0,0
https://www.irctc.edu/about,27,13,2,0,0,0,0,1,0,0,0,1,0,0,0,0,0
http://netflixverify.kim/verify.php,35,17,2,0,0,0,0,0,0,0,0,0,0,0,1,1,1
https://shop.github.edu/products,32,15,2,0,0,0,0,1,0,0,0,1,0,0,0,0,0
http://2.195.232.251/linkedin-signin/tdv9rr,43,13,3,1,0,11,0,2,0,0,1,0,0,0,1,0,1
http://microsoftverify.science/verify.php,41,23,2,0,0,0,0,0,0,0,0,0,0,0,1,1,1
https://shop.spotify.net/about,30,16,2,0,0,0,0,1,0,0,0,1,0,0,0,0,0
http://irctclogin.tk/login.php,30,13,2,0,0,0,0,0,0,0,0,0,0,0,1,1,1
http://netflix.com@3hkk54k4.party/login,39,14,2,0,0,4,0,0,0,1,0,0,0,0,1,1,1
https://www.nptel.org/user/profile,34,13,2,0,0,0,0,1,0,0,0,1,0,0,0,0,0
http://g92mjeqa.com/chase/account?user=2o4m8&token=4p4k9dxoq8&redirect=jxlfiu,77,12,1,0,0,9,0,0,5,0,0,0,0,0,1,0,1
https://en.irctc.io/docs,24,11,2,0,0,0,0,1,0,0,0,1,0,0,0,0,0
https://shop.linkedin.com/docs,30,17,2,0,0,0,0,1,0,0,0,1,0,0,0,0,0
http://34.251.32.251/linkedin-update/k2vk1o,43,13,3,1,0,12,0,2,0,0,1,0,0,0,1,0,1
http://dhz6m9bj.com/apple/update?user=udl3a&token=f6kkfedlbg&redirect=kbuoc1,76,12,1,0,0,5,0,0,5,0,0,0,0,0,1,0,1
https://shop.irctc.net/home,27,14,2,0,0,0,0,1,0,0,0,1,0,0,0,0,0
https://chase.edu/search?q=item,31,9,1,0,0,0,0,0,1,0,0,1,0,0,0,0,0
https://www.nptel.io,20,12,2,0,0,0,0,1,0,0,0,1,0,0,0,0,0
https://shop.coursera.in/,25,16,2,0,0,0,0,1,0,0,0,1,0,0,0,0,0
http://242.202.8.68/stackoverflow-update/i8tjwo,47,12,3,1,0,10,0,2,0,0,1,0,0,0,1,0,1
http://6y2s79vi.com/leetcode/login?user=cmnia&token=2y7vfhpd6v&redirect=q81ly0,78,12,1,0,0,10,0,0,5,0,0,0,0,0,1,0,1
https://en.spotify.org/user/profile,35,14,2,0,0,0,0,1,0,0,0,1,0,0,0,0,0
http://reddit-verify-y4f1.r9cfwo.com/verify,43,29,2,2,0,3,0,1,0,0,0,0,0,0,1,0,1
https://en.apple.org/home,25,12,2,0,0,0,0,1,0,0,0,1,0,0,0,0,0
https://shop.nptel.net/user/profile,35,14,2,0,0,0,0,1,0,0,0,1,0,0,0,0,0
https://shop.github.io/user/profile,35,14,2,0,0,0,0,1,0,0,0,1,0,0,0,0,0
https://en.amazon.io/about,26,12,2,0,0,0,0,1,0,0,0,1,0,0,0,0,0
http://amazonconfirm.zip/confirm.php,36,17,2,0,0,0,0,0,0,0,0,0,0,0,1,1,0
https://shop.linkedin.net/products,34,17,2,0,0,0,0,1,0,0,0,1,0,0,0,0,0
https://flipkart.org/,21,12,1,0,0,0,0,0,0,0,0,1,0,0,0,0,0
https://netflix.net/search?q=item,33,11,1,0,0,0,0,0,1,0,0,1,0,0,0,0,0
https://coursera.io/,20,11,1,0,0,0,0,0,0,0,0,1,0,0,0,0,0
http://wikipediasignin.zip/signin.php,37,19,2,0,0,0,0,0,0,0,0,0,0,0,1,1,1
https://en.amazon.net/,22,13,2,0,0,0,0,1,0,0,0,1,0,0,0,0,0
https://shop.nptel.in/docs,26,13,2,0,0,0,0,1,0,0,0,1,0,0,0,0,0
http://github-signin-wcrv.68jq12.com/signin,43,29,2,2,0,4,0,1,0,0,0,0,0,0,1,0,1
http://paypal.com@jfclccr9.review/confirm,41,15,2,0,0,1,0,0,0,1,0,0,0,0,1,1,1
https://en.chase.edu/about,26,12,2,0,0,0,0,1,0,0,0,1,0,0,0,0,0
http://paypalsignin.party/signin.php,36,18,2,0,0,0,0,0,0,0,0,0,0,0,1,1,1
https://shop.flipkart.net,25,17,2,0,0,0,0,1,0,0,0,1,0,0,0,0,0
http://leetcodewebscr.science/webscr.php,40,22,2,0,0,0,0,0,0,0,0,0,0,0,1,1,1
http://172.70.247.224/netflix-confirm/gy39bu,44,14,3,1,0,13,0,2,0,0,1,0,0,0,1,0,1
https://netflix.net,19,11,1,0,0,0,0,0,0,0,0,1,0,0,0,0,0
https://shop.chase.org/products,31,14,2,0,0,0,0,1,0,0,0,1,0,0,0,0,0
http://di3jsty8.com/wikipedia/secure?user=76795&token=f9tu8pv2kj&redirect=h01aon,80,12,1,0,0,12,0,0,5,0,0,0,0,0,1,0,1
https://shop.github.org,23,15,2,0,0,0,0,1,0,0,0,1,0,0,0,0,0
http://courseraverify.country/verify.php,40,22,2,0,0,0,0,0,0,0,0,0,0,0,1,1,1
https://www.flipkart.edu/,25,16,2,0,0,0,0,1,0,0,0,1,0,0,0,0,0
http://136.133.71.151/stackoverflow-secure/2t9o5a,49,14,3,1,0,14,0,2,0,0,1,0,0,0,1,0,1
http://213.235.122.165/linkedin-webscr/wr3ow3,45,15,3,1,0,14,0,2,0,0,1,0,0,0,1,0,1
http://paypal-signin-tia4.1ss2bk.com/signin,43,29,2,2,0,3,0,1,0,0,0,0,0,0,1,0,0
http://reddit-confirm-45vd.b82819.com/confirm,45,30,2,2,0,7,0,1,0,0,0,0,0,0,1,0,1
https://reddit.org/about,24,10,1,0,0,0,0,0,0,0,0,1,0,0,0,0,0
https://shop.chase.com,22,14,2,0,0,0,0,1,0,0,0,1,0,0,0,0,0
https://www.amazon.io/user/profile,34,13,2,0,0,0,0,1,0,0,0,1,0,0,0,0,0
https://shop.microsoft.io/products,34,17,2,0,0,0,0,1,0,0,0,1,0,0,0,0,0
http://irctc-signin-355c.sz0a0t.com/signin,42,28,2,2,0,5,0,1,0,0,0,0,0,1,1,0,1
http://paypallogin.kim/login.php,32,15,2,0,0,0,0,0,0,0,0,0,0,0,1,1,1
http://2.245.124.66/nptel-account/63x5ul,40,12,3,1,0,12,0,2,0,0,1,0,0,0,1,0,1
http://flipkart.com@44qi4opf.work/signin,40,13,2,0,0,3,0,0,0,1,0,0,0,0,1,1,1
https://www.spotify.com/search?q=item,37,15,2,0,0,0,0,1,1,0,0,1,0,0,0,0,0
https://www.paypal.com/search?q=item,36,14,2,0,0,0,0,1,1,0,0,1,0,0,0,0,0
http://101.121.39.70/netflix-verify/maok8t,42,13,3,1,0,11,0,2,0,0,1,0,0,0,1,0,1
http://wikipedia.com@1w3er70u.gq/signin,39,11,2,0,0,4,0,0,0,1,0,0,0,0,1,1,1
https://shop.linkedin.org/,26,17,2,0,0,0,0,1,0,0,0,1,0,0,0,0,0
https://en.linkedin.io/search?q=item,36,14,2,0,0,0,0,1,1,0,0,1,0,0,0,0,0
http://irctc-secure-dmip.c8qo6p.com/secure,42,28,2,2,0,2,0,1,0,0,0,0,0,0,1,0,1
https://en.reddit.in/about,26,12,2,0,0,0,0,1,0,0,0,1,0,0,0,0,0
http://1eh8hyf8.com/netflix/account?user=7sw1k&token=9m94uzxy4g&redirect=8on3w9,79,12,1,0,0,12,0,0,5,0,0,0,0,0,1,0,1
https://netflix.in/docs,23,10,1,0,0,0,0,0,0,0,0,1,0,0,0,0,0
http://netflix-verify-u5m7.67jez2.com/verify,44,30,2,2,0,5,0,1,0,0,0,0,0,0,1,0,1
http://160.124.183.158/reddit-verify/l87fj8,43,15,3,1,0,15,0,2,0,0,1,0,0,0,1,0,0
http://chase.com@nl7ha752.zip/account,37,12,2,0,0,4,0,0,0,1,0,0,0,0,1,1,1
http://netflix-update-wmvm.74lt3s.com/update,44,30,2,2,0,3,0,1,0,0,0,0,0,0,1,0,1
https://shop.paypal.org/search?q=item,37,15,2,0,0,0,0,1,1,0,0,1,0,0,0,0,0
http://nptel.com@3wvlcx7m.science/login,39,16,2,0,0,2,0,0,0,1,0,0,0,0,1,1,1
https://shop.netflix.com,24,16,2,0,0,0,0,1,0,0,0,1,0,0,0,0,0
https://en.netflix.com/docs,27,14,2,0,0,0,0,1,0,0,0,1,0,0,0,0,0
https://en.microsoft.in/about,29,15,2,0,0,0,0,1,0,0,0,1,0,0,0,0,0
http://a42w44wu.com/stackoverflow/webscr?user=feqj4&token=pzc5ypoh41&redirect=of7y5r,84,12,1,0,0,10,0,0,5,0,0,0,0,0,1,0,1
http://microsoftconfirm.party/confirm.php,41,22,2,0,0,0,0,0,0,0,0,0,0,0,1,1,1
http://courserasignin.science/signin.php,40,22,2,0,0,0,0,0,0,0,0,0,0,0,1,1,1
http://99.245.177.210/wikipedia-update/2et9mk,45,14,3,1,0,13,0,2,0,0,1,0,0,0,1,0,1
http://flipkart-login-mqf7.zk94yx.com/login,43,30,2,2,0,3,0,1,0,0,0,0,0,0,1,0,1
http://7ctm09hz.com/netflix/update?user=bgtj5&token=4696qz6cp7&redirect=savzeb,78,12,1,0,0,10,0,0,5,0,0,0,0,0,1,0,1
https://linkedin.com/home,25,12,1,0,0,0,0,0,0,0,0,1,0,0,0,0,0
http://211.108.226.29/netflix-signin/9tsujt,43,14,3,1,0,12,0,2,0,0,1,0,0,0,1,0,1
https://www.paypal.io/,22,13,2,0,0,0,0,1,0,0,0,1,0,0,0,0,0
http://9g6spd2s.com/nptel/secure?user=w24wj&token=t8hdpwvbz7&redirect=cn0eqw,76,12,1,0,0,8,0,0,5,0,0,0,0,0,1,0,1
https://en.google.org/about,27,13,2,0,0,0,0,1,0,0,0,1,0,0,0,0,0
https://en.spotify.org/about,28,14,2,0,0,0,0,1,0,0,0,1,0,0,0,0,0
https://en.google.com/search?q=item,35,13,2,0,0,0,0,1,1,0,0,1,0,0,0,0,0
https://en.irctc.com/search?q=item,34,12,2,0,0,0,0,1,1,0,0,1,0,0,0,0,0
http://1c25xnof.com/microsoft/secure?user=g7803&token=g5dfrlw6jl&redirect=2l5b56,80,12,1,0,0,13,0,0,5,0,0,0,0,0,1,0,0
https://en.coursera.edu/user/profile,36,15,2,0,0,0,0,1,0,0,0,1,0,0,0,0,0
http://w9jpkpf3.com/irctc/account?user=uz3ao&token=eaoeultmd3&redirect=bpeqpr,77,12,1,0,0,4,0,0,5,0,0,0,0,0,1,0,1
https://www.spotify.com/products,32,15,2,0,0,0,0,1,0,0,0,1,0,0,0,0,0
http://googleupdate.party/update.php,36,18,2,0,0,0,0,0,0,0,0,0,0,0,1,1,1
https://amazon.io/about,23,9,1,0,0,0,0,0,0,0,0,1,0,0,0,0,0
http://leetcodeverify.work/verify.php,37,19,2,0,0,0,0,0,0,0,0,0,0,0,1,1,1
https://en.coursera.com/docs,28,15,2,0,0,0,0,1,0,0,0,1,0,0,0,0,0
http://reddit.com@dbl1g3y2.gq/confirm,37,11,2,0,0,3,0,0,0,1,0,0,0,0,1,1,1
https://shop.linkedin.com/user/profile,38,17,2,0,0,0,0,1,0,0,0,1,0,0,0,0,0
https://netflix.io/about,24,10,1,0,0,0,0,0,0,0,0,1,0,0,0,0,0
https://en.github.edu,21,13,2,0,0,0,0,1,0,0,0,1,0,0,0,0,0
http://netflix-account-zvzn.2hloik.com/account,46,31,2,2,0,1,0,1,0,0,0,0,0,0,1,0,1
http://github.com@0ajufqym.zip/account,38,12,2,0,0,1,0,0,0,1,0,0,0,0,1,1,1
http://2mm4p61n.com/stackoverflow/account?user=hvcfw&token=r2f5t82ddl&redirect=7fkndg,85,12,1,0,0,9,0,0,5,0,0,0,0,0,1,0,1
https://www.wikipedia.com/products,34,17,2,0,0,0,0,1,0,0,0,1,0,0,0,0,1
https://shop.github.io/home,27,14,2,0,0,0,0,1,0,0,0,1,0,0,0,0,0
http://96ze6e24.com/wikipedia/confirm?user=i1agz&token=gxvxc6seur&redirect=anddep,81,12,1,0,0,7,0,0,5,0,0,0,0,0,1,0,1
http://3z1de1e1.com/netflix/webscr?user=630po&token=cr0vhv1nm3&redirect=v16xeg,78,12,1,0,0,12,0,0,5,0,0,0,0,0,1,0,1
https://en.github.in/home,25,12,2,0,0,0,0,1,0,0,0,1,0,0,0,0,1
https://google.io/,18,9,1,0,0,0,0,0,0,0,0,1,0,0,0,0,0
https://www.paypal.in/docs,26,13,2,0,0,0,0,1,0,0,0,1,0,0,0,0,0
https://en.nptel.org/home,25,12,2,0,0,0,0,1,0,0,0,1,0,0,0,0,0
https://en.amazon.net/about,27,13,2,0,0,0,0,1,0,0,0,1,0,0,0,0,0
http://githublogin.zip/login.php,32,15,2,0,0,0,0,0,0,0,0,0,0,0,1,1,1
http://hdhjo5ct.com/irctc/update?user=zetri&token=j2frnlx6b0&redirect=2b7yjn,76,12,1,0,0,6,0,0,5,0,0,0,0,1,1,0,1
http://coursera-webscr-sjzo.98iboq.com/webscr,45,31,2,2,0,2,0,1,0,0,0,0,0,0,1,0,1
http://apple.com@qncwzxqv.party/login,37,14,2,0,0,0,0,0,0,1,0,0,0,0,1,1,1
https://shop.reddit.org,23,15,2,0,0,0,0,1,0,0,0,1,0,0,0,0,0
http://irctc.com@my4gwdsh.cricket/signin,40,16,2,0,0,1,0,0,0,1,0,0,0,0,1,1,1
http://githubupdate.work/update.php,35,17,2,0,0,0,0,0,0,0,0,0,0,0,1,1,1
http://googleverify.cricket/verify.php,38,20,2,0,0,0,0,0,0,0,0,0,0,0,1,1,0
https://www.microsoft.com,25,17,2,0,0,0,0,1,0,0,0,1,0,1,0,0,0
https://www.reddit.edu/user/profile,35,14,2,0,0,0,0,1,0,0,0,1,0,0,0,0,0
http://eqt8fhu9.com/leetcode/update?user=1c329&token=hha1pjgfjc&redirect=5qph6g,79,12,1,0,0,9,0,0,5,0,0,0,0,0,1,0,1
http://microsoftupdate.review/update.php,40,22,2,0,0,0,0,0,0,0,0,0,0,0,1,1,1
https://wikipedia.net,21,13,1,0,0,0,0,0,0,0,0,1,0,0,0,0,0
https://www.reddit.in/home,26,13,2,0,0,0,0,1,0,0,0,1,0,0,0,0,0
https://chase.org/user/profile,30,9,1,0,0,0,0,0,0,0,0,1,0,0,0,0,0
https://shop.apple.io/search?q=item,35,13,2,0,0,0,0,1,1,0,0,1,0,0,0,0,0
http://spotifyupdate.kim/update.php,35,17,2,0,0,0,0,0,0,0,0,0,0,0,1,1,1
http://amazon-secure-1j7v.2a2t34.com/secure,43,29,2,2,0,6,0,1,0,0,0,0,0,0,1,0,1
http://irctc-login-fiy5.pu5wh5.com/login,40,27,2,2,0,3,0,1,0,0,0,0,0,0,1,0,1
https://en.microsoft.in,23,15,2,0,0,0,0,1,0,0,0,1,0,0,0,0,0
https://en.spotify.in/products,30,13,2,0,0,0,0,1,0,0,0,1,0,0,0,0,0
https://www.stackoverflow.com/docs,34,21,2,0,0,0,0,1,0,0,0,1,0,0,0,0,0
http://235.238.114.83/microsoft-signin/pywh8e,45,14,3,1,0,12,0,2,0,0,1,0,0,0,1,0,0
http://reddit.com@09q6ohxx.country/webscr,41,16,2,0,0,3,0,0,0,1,0,0,0,0,1,1,1
https://www.spotify.org/docs,28,15,2,0,0,0,0,1,0,0,0,1,0,0,0,0,0
http://github-signin-mb9u.peppol.com/signin,43,29,2,2,0,1,0,1,0,0,0,0,0,0,1,0,1
http://nptel-verify-8cri.n0xgnk.com/verify,42,28,2,2,0,2,0,1,0,0,0,0,0,0,1,0,1
http://174.15.144.14/nptel-verify/knd1iv,40,13,3,1,0,11,0,2,0,0,1,0,0,0,1,0,1
https://shop.google.in/user/profile,35,14,2,0,0,0,0,1,0,0,0,1,0,0,0,0,0
http://paypal.com@8l9gj4an.science/secure,41,16,2,0,0,3,0,0,0,1,0,0,0,0,1,1,1
http://reddit.com@8w07fil3.review/webscr,40,15,2,0,0,4,0,0,0,1,0,0,0,0,1,1,1
https://www.linkedin.edu/user/profile,37,16,2,0,0,0,0,1,0,0,0,1,0,0,0,0,0
http://applesecure.zip/secure.php,33,15,2,0,0,0,0,0,0,0,0,0,0,0,1,1,1
http://3dnrehu2.com/flipkart/secure?user=m6nwm&token=ufgyn53kbh&redirect=423l90,79,12,1,0,0,10,0,0,5,0,0,0,0,0,1,0,1
https://en.stackoverflow.com/user/profile,41,20,2,0,0,0,0,1,0,0,0,1,0,0,0,0,0
https://en.spotify.org/docs,27,14,2,0,0,0,0,1,0,0,0,1,0,0,0,0,0
http://paypal.com@5uq9gyns.zip/verify,37,12,2,0,0,2,0,0,0,1,0,0,0,0,1,1,1
https://shop.linkedin.org/docs,30,17,2,0,0,0,0,1,0,0,0,1,0,0,0,0,0
http://y9qzo7io.com/reddit/signin?user=2f2na&token=td4gwlf9yx&redirect=am97yo,77,12,1,0,0,8,0,0,5,0,0,0,0,0,1,0,1
https://linkedin.in/user/profile,32,11,1,0,0,0,0,0,0,0,0,1,0,0,0,0,0
http://76.216.129.132/wikipedia-account/tcjiem,46,14,3,1,0,11,0,2,0,0,1,0,0,0,1,0,1
http://redditsecure.kim/secure.php,34,16,2,0,0,0,0,0,0,0,0,0,0,0,1,1,1
http://irctcsignin.cricket/signin.php,37,19,2,0,0,0,0,0,0,0,0,0,0,0,1,1,1
http://linkedinwebscr.party/webscr.php,38,20,2,0,0,0,0,0,0,0,0,0,0,0,1,1,1
http://courserasignin.science/signin.php,40,22,2,0,0,0,0,0,0,0,0,0,0,0,1,1,1
http://nptellogin.kim/login.php,31,14,2,0,0,0,0,0,0,0,0,0,0,0,1,1,0
http://nptel-verify-07bt.i1rimv.com/verify,42,28,2,2,0,3,0,1,0,0,0,0,0,0,1,0,1
http://irctcaccount.zip/account.php,35,16,2,0,0,0,0,0,0,0,0,0,0,0,1,1,1
http://coursera.com@ln2v51ps.gq/account,39,11,2,0,0,3,0,0,0,1,0,0,0,0,1,1,1
https://en.coursera.io/user/profile,35,14,2,0,0,0,0,1,0,0,0,1,0,0,0,0,0
https://shop.reddit.io/docs,27,14,2,0,0,0,0,1,0,0,0,1,0,0,0,0,0
https://en.netflix.net/products,31,14,2,0,0,0,0,1,0,0,0,1,0,0,0,0,0
https://flipkart.org/about,26,12,1,0,0,0,0,0,0,0,0,1,0,0,0,0,0
http://243.203.131.43/coursera-signin/7yvr0d,44,14,3,1,0,13,0,2,0,0,1,0,0,0,1,0,1
http://google-signin-abzg.s9w275.com/signin,43,29,2,2,0,4,0,1,0,0,0,0,0,0,1,0,1
https://stackoverflow.io/user/profile,37,16,1,0,0,0,0,0,0,0,0,1,0,0,0,0,0
https://www.spotify.edu/home,28,15,2,0,0,0,0,1,0,0,0,1,0,0,0,0,0
http://9.46.143.169/coursera-webscr/4kzrez,42,12,3,1,0,10,0,2,0,0,1,0,0,0,1,0,1
https://www.microsoft.io/products,33,16,2,0,0,0,0,1,0,0,0,1,0,0,0,0,0
http://75.49.17.6/nptel-webscr/5i8xom,37,10,3,1,0,9,0,2,0,0,1,0,0,0,1,0,1
https://amazon.edu/home,23,10,1,0,0,0,0,0,0,0,0,1,0,0,0,0,0
https://shop.reddit.org/search?q=item,37,15,2,0,0,0,0,1,1,0,0,1,0,0,0,0,0
http://224.202.18.177/netflix-signin/h3svg7,43,14,3,1,0,13,0,2,0,0,1,0,0,0,1,0,1
http://80.203.197.37/paypal-login/2qfaf5,40,13,3,1,0,12,0,2,0,0,1,0,0,0,1,0,1
http://reddit.com@ytks1f3k.tk/secure,36,11,2,0,0,2,0,0,0,1,0,0,0,0,1,1,1
http://1iv0b1hi.com/google/verify?user=8h7pr&token=28j2k3tydc&redirect=cpvb96,77,12,1,0,0,11,0,0,5,0,0,0,0,0,1,0,1
https://en.reddit.org/docs,26,13,2,0,0,0,0,1,0,0,0,1,0,0,0,0,0
http://188.178.40.56/google-webscr/cybr3o,41,13,3,1,0,11,0,2,0,0,1,0,0,0,1,0,1
https://shop.spotify.edu/search?q=item,38,16,2,0,0,0,0,1,1,0,0,1,0,0,0,0,0
https://shop.wikipedia.org/search?q=item,40,18,2,0,0,0,0,1,1,0,0,1,0,0,0,0,0
http://nptelwebscr.country/webscr.php,37,19,2,0,0,0,0,0,0,0,0,0,0,0,1,1,1
https://shop.coursera.in/search?q=item,38,16,2,0,0,0,0,1,1,0,0,1,0,0,0,0,0
https://linkedin.org/about,26,12,1,0,0,0,0,0,0,0,0,1,0,0,0,0,1
http://redditlogin.party/login.php,34,17,2,0,0,0,0,0,0,0,0,0,0,0,1,1,0
https://spotify.in/about,24,10,1,0,0,0,0,0,0,0,0,1,0,0,0,0,0
http://leetcode.com@33hbaeom.gq/verify,38,11,2,0,0,2,0,0,0,1,0,0,0,0,1,1,1
http://stackoverflowsignin.cricket/signin.php,45,27,2,0,0,0,0,0,0,0,0,0,0,0,1,1,1
http://wikipediaupdate.zip/update.php,37,19,2,0,0,0,0,0,0,0,0,0,0,0,1,1,1
https://wikipedia.net/,22,13,1,0,0,0,0,0,0,0,0,1,0,0,0,0,0
http://microsoft.com@pqk5fp7a.kim/confirm,41,12,2,0,0,2,0,0,0,1,0,0,0,0,1,1,1
https://shop.spotify.in/home,28,15,2,0,0,0,0,1,0,0,0,1,0,0,0,0,0
http://nptelverify.tk/verify.php,32,14,2,0,0,0,0,0,0,0,0,0,0,0,1,1,1
https://shop.microsoft.net/docs,31,18,2,0,0,0,0,1,0,0,0,1,0,0,0,0,0
http://1ov5vxa8.com/amazon/account?user=mku1g&token=pt49pusrza&redirect=eqoxbe,78,12,1,0,0,6,0,0,5,0,0,0,0,0,1,0,1
http://courseraupdate.work/update.php,37,19,2,0,0,0,0,0,0,0,0,0,0,0,1,1,1
http://r4f2zdfp.com/apple/login?user=pwc1q&token=y9mbaaxa3b&redirect=l13vcg,75,12,1,0,0,7,0,0,5,0,0,0,0,0,1,0,1
http://wikipedia.com@xdo7l5dl.zip/confirm,41,12,2,0,0,2,0,0,0,1,0,0,0,0,1,1,1
http://gdd8mwe7.com/irctc/verify?user=76vgt&token=vyfyk3md6x&redirect=73zca7,76,12,1,0,0,9,0,0,5,0,0,0,0,0,1,0,1
http://microsoftsignin.party/signin.php,39,21,2,0,0,0,0,0,0,0,0,0,0,0,1,1,1
http://x5wwpm3x.com/microsoft/signin?user=15dto&token=z5sthslmwa&redirect=6tj3kp,80,12,1,0,0,7,0,0,5,0,0,0,0,0,1,0,1
https://shop.microsoft.net/products,35,18,2,0,0,0,0,1,0,0,0,1,0,0,0,0,0
http://wt5fwk2j.com/amazon/webscr?user=pkor3&token=a1i10pkap7&redirect=wr1she,77,12,1,0,0,8,0,0,5,0,0,0,0,0,1,0,1
http://chase-login-fh6q.9y4yzk.com/login,40,27,2,2,0,3,0,1,0,0,0,0,0,0,1,0,1
https://stackoverflow.in/products,33,16,1,0,0,0,0,0,0,0,0,1,0,0,0,0,0
https://www.wikipedia.com/,26,17,2,0,0,0,0,1,0,0,0,1,0,0,0,0,0
http://3h7t6udo.com/microsoft/confirm?user=jy6g1&token=07g8o8g8hz&redirect=mvyd47,81,12,1,0,0,12,0,0,5,0,0,0,0,0,1,0,1
https://shop.spotify.net/,25,16,2,0,0,0,0,1,0,0,0,1,0,0,0,0,0
http://google.com@s8jr1vmy.science/signin,41,16,2,0,0,2,0,0,0,1,0,0,0,0,1,1,1
https://en.github.net/docs,26,13,2,0,0,0,0,1,0,0,0,1,0,0,0,0,0
http://leetcodewebscr.tk/webscr.php,35,17,2,0,0,0,0,0,0,0,0,0,0,0,1,1,1
https://www.spotify.edu/products,32,15,2,0,0,0,0,1,0,0,0,1,0,0,0,0,0
http://github.com@etowtk4k.science/login,40,16,2,0,0,1,0,0,0,1,0,0,0,0,1,1,1
http://leetcode.com@oiks62c1.cricket/webscr,43,16,2,0,0,3,0,0,0,1,0,0,0,0,1,1,1
https://shop.irctc.net/docs,27,14,2,0,0,0,0,1,0,0,0,1,0,0,0,0,0
https://en.microsoft.in/user/profile,36,15,2,0,0,0,0,1,0,0,0,1,0,0,0,0,0
https://apple.net/search?q=item,31,9,1,0,0,0,0,0,1,0,0,1,0,0,0,0,0
https://en.nptel.net/user/profile,33,12,2,0,0,0,0,1,0,0,0,1,0,0,0,0,0
http://ziy75itd.com/irctc/confirm?user=l35jr&token=j9r3vp8lim&redirect=06etcq,77,12,1,0,0,9,0,0,5,0,0,0,0,0,1,0,1
http://microsoft-webscr-afpp.7sdwyq.com/webscr,46,32,2,2,0,1,0,1,0,0,0,0,0,0,1,0,1
http://9k499nr0.com/microsoft/confirm?user=oakgd&token=esvde91leu&redirect=ucbl11,81,12,1,0,0,9,0,0,5,0,0,0,0,0,1,0,1
http://microsoftwebscr.party/webscr.php,39,21,2,0,0,0,0,0,0,0,0,0,0,0,1,1,1
https://apple.io/,17,8,1,0,0,0,0,0,0,0,0,1,0,0,0,0,0
http://spotify-secure-z5xb.iguj9c.com/secure,44,30,2,2,0,2,0,1,0,0,0,0,0,0,1,0,1
http://247.233.175.232/coursera-update/atye73,45,15,3,1,0,14,0,2,0,0,1,0,0,0,1,0,1
https://en.chase.org/home,25,12,2,0,0,0,0,1,0,0,0,1,0,0,0,0,0
https://spotify.org/products,28,11,1,0,0,0,0,0,0,0,0,1,0,0,0,0,0
https://amazon.net/docs,23,10,1,0,0,0,0,0,0,0,0,1,0,0,0,0,0
http://jt660j08.com/amazon/verify?user=xtr5i&token=gzgxoiyfoy&redirect=0sxylk,77,12,1,0,0,7,0,0,5,0,0,0,0,0,1,0,0
http://et3gndc0.com/stackoverflow/webscr?user=6kli7&token=v12j21telo&redirect=9lyda0,84,12,1,0,0,10,0,0,5,0,0,0,0,0,1,0,1
http://wikipedia-signin-tg5a.dg0xwg.com/signin,46,32,2,2,0,2,0,1,0,0,0,0,0,0,1,0,1
https://www.microsoft.in/,25,16,2,0,0,0,0,1,0,0,0,1,0,0,0,0,0
https://irctc.io/products,25,8,1,0,0,0,0,0,0,0,0,1,0,0,0,0,0
http://2.105.164.235/wikipedia-signin/jgqu6h,44,13,3,1,0,11,0,2,0,0,1,0,0,0,1,0,1
http://coursera-secure-4boz.l01q3m.com/secure,45,31,2,2,0,4,0,1,0,0,0,0,0,0,1,0,1
https://www.microsoft.io,24,16,2,0,0,0,0,1,0,0,0,1,0,0,0,0,0
http://chase.com@54n6o9jd.kim/verify,36,12,2,0,0,4,0,0,0,1,0,0,0,0,1,1,1
https://shop.wikipedia.in,25,17,2,0,0,0,0,1,0,0,0,1,0,0,0,0,0
https://shop.linkedin.net/,26,17,2,0,0,0,0,1,0,0,0,1,0,0,0,0,0
http://microsoftwebscr.gq/webscr.php,36,18,2,0,0,0,0,0,0,0,0,0,0,0,1,1,1
https://shop.reddit.in/docs,27,14,2,0,0,0,0,1,0,0,0,1,0,0,0,0,0
http://leetcodeaccount.kim/account.php,38,19,2,0,0,0,0,0,0,0,0,0,0,0,1,1,1
http://142.150.82.196/spotify-secure/h33hw8,43,14,3,1,0,14,0,2,0,0,1,0,0,0,1,0,1
https://www.wikipedia.edu/,26,17,2,0,0,0,0,1,0,0,0,1,0,0,0,0,0
http://154.2.13.198/flipkart-webscr/nhi6ha,42,12,3,1,0,10,0,2,0,0,1,0,0,0,1,0,0
https://www.google.org/user/profile,35,14,2,0,0,0,0,1,0,0,0,1,0,0,0,0,0
http://113.3.120.10/coursera-webscr/8r4hc7,42,12,3,1,0,12,0,2,0,0,1,0,0,0,1,0,1
http://apple.com@qpga8vc1.cricket/confirm,41,16,2,0,0,2,0,0,0,1,0,0,0,0,1,1,1
http://158.17.136.106/chase-verify/00iv1g,41,14,3,1,0,14,0,2,0,0,1,0,0,0,1,0,1
http://5fl2moxq.com/nptel/verify?user=9wfb7&token=6av3s2sumh&redirect=3b0n9c,76,12,1,0,0,10,0,0,5,0,0,0,0,0,1,0,1
http://wikipedia.com@kc86y5o4.country/account,45,16,2,0,0,4,0,0,0,1,0,0,0,0,1,1,1
https://shop.leetcode.io/search?q=item,38,16,2,0,0,0,0,1,1,0,0,1,0,0,0,0,0
https://microsoft.edu/products,30,13,1,0,0,0,0,0,0,0,0,1,0,0,0,0,0
http://apple-confirm-zzw5.uk4sha.com/confirm,44,29,2,2,0,2,0,1,0,0,0,0,0,0,1,0,1
https://shop.coursera.in/about,30,16,2,0,0,0,0,1,0,0,0,1,0,0,0,0,0
http://52.175.220.234/spotify-verify/fodmjm,43,14,3,1,0,11,0,2,0,0,1,0,0,0,1,0,0
http://wikipediaconfirm.cricket/confirm.php,43,24,2,0,0,0,0,0,0,0,0,0,0,0,1,1,1
http://251.174.184.31/amazon-secure/vwt0y5,42,14,3,1,0,13,0,2,0,0,1,0,0,0,1,0,1
https://en.irctc.in/search?q=item,33,11,2,0,0,0,0,1,1,0,0,1,0,0,0,0,0
http://google-secure-c8ki.xccsg4.com/secure,43,29,2,2,0,2,0,1,0,0,0,0,0,0,1,0,1
https://chase.com/home,22,9,1,0,0,0,0,0,0,0,0,1,0,0,0,0,1
http://google-update-w3ch.nj6gdt.com/update,43,29,2,2,0,2,0,1,0,0,0,0,0,1,1,0,1
http://leetcode.com@c9nu985l.gq/login,37,11,2,0,0,4,0,0,0,1,0,0,0,0,1,1,1
https://www.github.org/search?q=item,36,14,2,0,0,0,0,1,1,0,0,1,0,0,0,0,0
http://microsoft.com@5d7efjgc.science/login,43,16,2,0,0,2,0,0,0,1,0,0,0,0,1,1,1
https://en.spotify.in/user/profile,34,13,2,0,0,0,0,1,0,0,0,1,0,0,0,0,0
https://shop.spotify.io/docs,28,15,2,0,0,0,0,1,0,0,0,1,0,0,0,0,0
https://en.nptel.net,20,12,2,0,0,0,0,1,0,0,0,1,0,0,0,0,0
https://nptel.net/home,22,9,1,0,0,0,0,0,0,0,0,1,0,0,0,0,0
https://www.coursera.org/search?q=item,38,16,2,0,0,0,0,1,1,0,0,1,0,0,0,0,0
http://110bs6to.com/netflix/signin?user=8wyaq&token=tflvm8nyzh&redirect=hizebg,78,12,1,0,0,6,0,0,5,0,0,0,0,0,1,0,1
https://shop.irctc.in/about,27,13,2,0,0,0,0,1,0,0,0,1,0,0,0,0,0
https://www.leetcode.net/search?q=item,38,16,2,0,0,0,0,1,1,0,0,1,0,0,0,0,0
https://shop.reddit.io/products,31,14,2,0,0,0,0,1,0,0,0,1,0,0,0,0,0
https://www.wikipedia.edu/products,34,17,2,0,0,0,0,1,0,0,0,1,0,0,0,0,0
https://en.paypal.net/about,27,13,2,0,0,0,0,1,0,0,0,1,0,0,0,0,0
https://en.spotify.net,22,14,2,0,0,0,0,1,0,0,0,1,0,0,0,0,0
https://www.apple.com/,22,13,2,0,0,0,0,1,0,0,0,1,0,0,0,0,0
http://35.78.232.119/github-confirm/ya8s2d,42,13,3,1,0,12,0,2,0,0,1,0,0,0,1,0,1
https://www.github.in/products,30,13,2,0,0,0,0,1,0,0,0,1,0,0,0,0,0
https://amazon.com/about,24,10,1,0,0,0,0,0,0,0,0,1,0,0,0,0,0
https://www.github.io/,22,13,2,0,0,0,0,1,0,0,0,1,0,0,0,0,0
https://shop.coursera.in/products,33,16,2,0,0,0,0,1,0,0,0,1,0,0,0,0,0
https://en.chase.org/about,26,12,2,0,0,0,0,1,0,0,0,1,0,0,0,0,0
https://www.github.net/docs,27,14,2,0,0,0,0,1,0,0,0,1,0,0,0,0,0
http://irctcaccount.party/account.php,37,18,2,0,0,0,0,0,0,0,0,0,0,0,1,1,1
http://stackoverflow-secure-yzie.po772n.com/secure,50,36,2,2,0,3,0,1,0,0,0,0,0,0,1,0,1
http://zs49cdzn.com/spotify/account?user=1f0fp&token=8bpg2r0tok&redirect=pk7ysw,79,12,1,0,0,8,0,0,5,0,0,0,0,0,1,0,1
http://nptel.com@1cqtp317.kim/secure,36,12,2,0,0,4,0,0,0,1,0,0,0,0,1,1,1
https://shop.chase.in/search?q=item,35,13,2,0,0,0,0,1,1,0,0,1,0,0,0,0,0
http://linkedin.com@3umam003.science/login,42,16,2,0,0,4,0,0,0,1,0,0,0,0,1,1,1
http://gzaugttm.com/flipkart/update?user=ppjbe&token=ahy5ho37pj&redirect=po3cvs,79,12,1,0,0,4,0,0,5,0,0,0,0,0,1,0,1
https://shop.netflix.net/search?q=item,38,16,2,0,0,0,0,1,1,0,0,1,0,0,0,0,0
https://shop.reddit.in/docs,27,14,2,0,0,0,0,1,0,0,0,1,0,0,0,0,0
https://shop.irctc.edu/about,28,14,2,0,0,0,0,1,0,0,0,1,0,0,0,0,0
http://132.50.14.179/nptel-signin/tnbdzr,40,13,3,1,0,10,0,2,0,0,1,0,0,0,1,0,1
http://github.com@90cwbke4.kim/signin,37,12,2,0,0,3,0,0,0,1,0,0,0,0,1,1,1
https://shop.wikipedia.com/search?q=item,40,18,2,0,0,0,0,1,1,0,0,1,0,0,0,0,0
https://nptel.com/,18,9,1,0,0,0,0,0,0,0,0,1,0,0,0,0,0
https://en.amazon.in/search?q=item,34,12,2,0,0,0,0,1,1,0,0,1,0,0,0,0,0
http://25.139.173.205/irctc-secure/4tkvv7,41,14,3,1,0,13,0,2,0,0,1,0,0,0,1,0,1
http://31.37.63.248/paypal-secure/rhrlnf,40,12,3,1,0,9,0,2,0,0,1,0,0,0,1,0,1
http://wikipedia.com@ea74tbs9.kim/webscr,40,12,2,0,0,3,0,0,0,1,0,0,0,0,1,1,1
http://lmnavycs.com/microsoft/secure?user=44phh&token=62myz9vlu8&redirect=wpfq2b,80,12,1,0,0,7,0,0,5,0,0,0,0,0,1,0,1
http://microsoft.com@qyjv84a1.work/confirm,42,13,2,0,0,3,0,0,0,1,0,0,0,0,1,1,1
https://shop.github.net/products,32,15,2,0,0,0,0,1,0,0,0,1,0,0,0,0,0
http://netflixsecure.cricket/secure.php,39,21,2,0,0,0,0,0,0,0,0,0,0,0,1,1,1
http://spotifyconfirm.gq/confirm.php,36,17,2,0,0,0,0,0,0,0,0,0,0,0,1,1,1
http://linkedin.com@pyx8hbbj.review/webscr,42,15,2,0,0,1,0,0,0,1,0,0,0,0,1,1,1
http://irctc-confirm-hmie.8989gn.com/confirm,44,29,2,2,0,4,0,1,0,0,0,0,0,0,1,0,1
http://apple.com@h9krs51z.review/confirm,40,15,2,0,0,3,0,0,0,1,0,0,0,0,1,1,1
https://wikipedia.in/products,29,12,1,0,0,0,0,0,0,0,0,1,0,0,0,0,0
http://mbjhy3m2.com/microsoft/verify?user=i3qm6&token=dtecafvo5y&redirect=0qnv4f,80,12,1,0,0,7,0,0,5,0,0,0,0,0,1,0,1
http://zje6xg54.com/reddit/webscr?user=1mpw5&token=7gn79hmhvl&redirect=66sajx,77,12,1,0,0,10,0,0,5,0,0,0,0,0,1,0,1
http://26.200.71.171/microsoft-login/532fpk,43,13,3,1,0,13,0,2,0,0,1,0,0,0,1,0,1
http://lomzolmy.com/github/update?user=qa78c&token=uhcztgzohc&redirect=7tbh6g,77,12,1,0,0,4,0,0,5,0,0,0,0,0,1,0,1
https://en.linkedin.in/about,28,14,2,0,0,0,0,1,0,0,0,1,0,0,0,0,0
https://shop.stackoverflow.org,30,22,2,0,0,0,0,1,0,0,0,1,0,0,0,0,0
http://spotifyupdate.zip/update.php,35,17,2,0,0,0,0,0,0,0,0,0,0,0,1,1,1
https://shop.linkedin.in/,25,16,2,0,0,0,0,1,0,0,0,1,0,0,0,0,0
http://stackoverflow.com@c2rra3pl.review/secure,47,15,2,0,0,2,0,0,0,1,0,0,0,0,1,1,1
http://microsoft.com@rnkowyps.tk/verify,39,11,2,0,0,0,0,0,0,1,0,0,0,0,1,1,1
https://irctc.edu/user/profile,30,9,1,0,0,0,0,0,0,0,0,1,0,0,0,0,0
http://google.com@zvmcpsil.science/account,42,16,2,0,0,0,0,0,0,1,0,0,0,0,1,1,1
https://www.chase.org/search?q=item,35,13,2,0,0,0,0,1,1,0,0,1,0,0,0,0,0
http://microsoft-update-qfxe.w8afgq.com/update,46,32,2,2,0,1,0,1,0,0,0,0,0,0,1,0,1
http://254.249.178.174/linkedin-update/tjuq7x,45,15,3,1,0,13,0,2,0,0,1,0,0,0,1,0,1
http://524gpzbo.com/chase/confirm?user=mvibz&token=yfggk82p5y&redirect=ro1wod,77,12,1,0,0,7,0,0,5,0,0,0,0,0,1,0,1
http://paypalconfirm.science/confirm.php,40,21,2,0,0,0,0,0,0,0,0,0,0,0,1,1,1
http://i0n6dgg5.com/irctc/secure?user=gr0xa&token=fgovcci68d&redirect=s03vna,76,12,1,0,0,8,0,0,5,0,0,0,0,0,1,0,1
https://shop.stackoverflow.in/home,34,21,2,0,0,0,0,1,0,0,0,1,0,0,0,0,0
https://www.paypal.org/search?q=item,36,14,2,0,0,0,0,1,1,0,0,1,0,0,0,0,0
https://en.leetcode.net/about,29,15,2,0,0,0,0,1,0,0,0,1,0,0,0,0,0
https://leetcode.net/,21,12,1,0,0,0,0,0,0,0,0,1,0,0,0,0,0
http://netflix.com@s9dvelyv.party/webscr,40,14,2,0,0,1,0,0,0,1,0,0,0,0,1,1,1
https://chase.in/about,22,8,1,0,0,0,0,0,0,0,0,1,0,0,0,0,0
https://en.nptel.org/,21,12,2,0,0,0,0,1,0,0,0,1,0,0,0,0,0
http://chase-update-ffy3.iw6vgk.com/update,42,28,2,2,0,2,0,1,0,0,0,0,0,0,1,0,1
http://linkedin-confirm-idig.gn92f0.com/confirm,47,32,2,2,0,3,0,1,0,0,0,0,0,0,1,0,1
https://en.reddit.in/,21,12,2,0,0,0,0,1,0,0,0,1,0,0,0,0,0
https://shop.leetcode.com/docs,30,17,2,0,0,0,0,1,0,0,0,1,0,0,0,0,0
http://eq1zq8da.com/coursera/login?user=ydw9f&token=6y5v9jrehm&redirect=iqp56a,78,12,1,0,0,8,0,0,5,0,0,0,0,0,1,0,1
https://www.github.net/user/profile,35,14,2,0,0,0,0,1,0,0,0,1,0,0,0,0,0
https://shop.leetcode.io/products,33,16,2,0,0,0,0,1,0,0,0,1,0,0,0,0,0
http://github.com@qsx502up.tk/secure,36,11,2,0,0,3,0,0,0,1,0,0,0,0,1,1,1
https://en.wikipedia.io,23,15,2,0,0,0,0,1,0,0,0,1,0,0,0,0,0
http://leetcode.com@9alx8uy5.tk/confirm,39,11,2,0,0,3,0,0,0,1,0,0,0,0,1,1,1
http://spotify.com@vefhx0zj.kim/webscr,38,12,2,0,0,1,0,0,0,1,0,0,0,0,1,1,1
http://5nhqr6f7.com/github/update?user=qnezw&token=9heyce4qgm&redirect=5v2wwg,77,12,1,0,0,7,0,0,5,0,0,0,0,0,1,0,1
https://www.chase.edu/products,30,13,2,0,0,0,0,1,0,0,0,1,0,0,0,0,0
https://github.edu/user/profile,31,10,1,0,0,0,0,0,0,0,0,1,0,0,0,0,0
http://166.170.249.125/amazon-secure/pkqgbh,43,15,3,1,0,12,0,2,0,0,1,0,0,0,1,0,1
https://en.paypal.net,21,13,2,0,0,0,0,1,0,0,0,1,0,0,0,0,0
https://shop.netflix.org/,25,16,2,0,0,0,0,1,0,0,0,1,0,0,0,0,0
http://ge0utx7r.com/leetcode/confirm?user=07vpp&token=m86cxotx76&redirect=d2kjrz,80,12,1,0,0,9,0,0,5,0,0,0,0,0,1,0,1
https://stackoverflow.com/search?q=item,39,17,1,0,0,0,0,0,1,0,0,1,0,0,0,0,0
http://chase-login-bxdo.7nqr3t.com/login,40,27,2,2,0,2,0,1,0,0,0,0,0,1,1,0,0
http://chasewebscr.tk/webscr.php,32,14,2,0,0,0,0,0,0,0,0,0,0,0,1,1,1
https://en.github.com/products,30,13,2,0,0,0,0,1,0,0,0,1,0,0,0,0,0
http://apple.com@2j4xybrx.country/signin,40,16,2,0,0,2,0,0,0,1,0,0,0,0,1,1,1
https://en.amazon.io/about,26,12,2,0,0,0,0,1,0,0,0,1,0,0,0,0,0
http://reddit.com@uhbp9vrn.review/confirm,41,15,2,0,0,1,0,0,0,1,0,0,0,0,1,1,1
https://shop.wikipedia.edu/about,32,18,2,0,0,0,0,1,0,0,0,1,0,0,0,0,0
http://67zsoouk.com/spotify/update?user=iw8x1&token=7copo9mnlr&redirect=97ohpi,78,12,1,0,0,8,0,0,5,0,0,0,0,0,1,0,1
http://aduvl911.com/irctc/verify?user=zsb8l&token=v6tx0tbkg8&redirect=b350sg,76,12,1,0,0,10,0,0,5,0,0,0,0,0,1,0,1
https://shop.irctc.com/docs,27,14,2,0,0,0,0,1,0,0,0,1,0,0,0,0,0
https://shop.microsoft.org/docs,31,18,2,0,0,0,0,1,0,0,0,1,0,0,0,0,0
http://226.125.21.2/irctc-secure/a7zvky,39,12,3,1,0,10,0,2,0,0,1,0,0,0,1,0,1
https://www.wikipedia.io/docs,29,16,2,0,0,0,0,1,0,0,0,1,0,0,0,0,0
http://oycg1fjg.com/chase/login?user=bvyow&token=47lueq4d7d&redirect=7gdlwa,75,12,1,0,0,6,0,0,5,0,0,0,0,0,1,0,1
https://chase.net/,18,9,1,0,0,0,0,0,0,0,0,1,0,0,0,0,0
https://en.paypal.in/about,26,12,2,0,0,0,0,1,0,0,0,1,0,0,0,0,0
http://s3qt36qn.com/chase/webscr?user=yy95g&token=5dog8cfeff&redirect=h8aoy7,76,12,1,0,0,9,0,0,5,0,0,0,0,0,1,0,1
https://en.irctc.io/home,24,11,2,0,0,0,0,1,0,0,0,1,0,0,0,0,0
http://87.251.160.185/amazon-login/jpiwuj,41,14,3,1,0,11,0,2,0,0,1,0,0,0,1,0,1
http://spotify.com@ozibp9of.gq/confirm,38,11,2,0,0,1,0,0,0,1,0,0,0,0,1,1,1
http://google.com@oei975yq.science/webscr,41,16,2,0,0,3,0,0,0,1,0,0,0,0,1,1,1
https://shop.chase.org/home,27,14,2,0,0,0,0,1,0,0,0,1,0,0,0,0,0
http://4r9v4k00.com/spotify/verify?user=ilu6v&token=fua9bq1btr&redirect=23qiua,78,12,1,0,0,10,0,0,5,0,0,0,0,0,1,0,1
https://shop.reddit.io/products,31,14,2,0,0,0,0,1,0,0,0,1,0,0,0,0,0
https://en.reddit.com/about,27,13,2,0,0,0,0,1,0,0,0,1,0,1,0,0,0
https://www.spotify.edu/about,29,15,2,0,0,0,0,1,0,0,0,1,0,0,0,0,0
http://93sibxqn.com/leetcode/update?user=q76kf&token=5o2uxxk509&redirect=y5ba0l,79,12,1,0,0,11,0,0,5,0,0,0,0,0,1,0,1
http://okr7phni.com/nptel/login?user=2mlw2&token=ek0brz0era&redirect=xp2ngq,75,12,1,0,0,6,0,0,5,0,0,0,0,0,1,0,1
https://shop.netflix.org/home,29,16,2,0,0,0,0,1,0,0,0,1,0,0,0,0,0
http://coursera-update-9sev.l7fq8a.com/update,45,31,2,2,0,3,0,1,0,0,0,0,0,0,1,0,0
http://vimi8fo0.com/apple/signin?user=vyhfj&token=lwss1vip3t&redirect=vf51z5,76,12,1,0,0,7,0,0,5,0,0,0,0,0,1,0,1
http://yfquv9qe.com/wikipedia/login?user=zg5wz&token=awnytk1zwu&redirect=hywm7s,79,12,1,0,0,4,0,0,5,0,0,0,0,0,1,0,1
http://36.133.73.96/chase-secure/2o7fhs,39,12,3,1,0,11,0,2,0,0,1,0,0,0,1,0,1
http://36.192.99.19/chase-update/0kertq,39,12,3,1,0,10,0,2,0,0,1,0,0,0,1,0,1
http://stackoverflow.com@uoavfwy8.zip/verify,44,12,2,0,0,1,0,0,0,1,0,0,0,0,1,1,1
https://en.spotify.net/products,31,14,2,0,0,0,0,1,0,0,0,1,0,0,0,0,0
https://netflix.edu,19,11,1,0,0,0,0,0,0,0,0,1,0,0,0,0,0
https://google.in/products,26,9,1,0,0,0,0,0,0,0,0,1,0,0,0,0,0
https://shop.chase.io/about,27,13,2,0,0,0,0,1,0,0,0,1,0,0,0,0,0
https://www.google.io/about,27,13,2,0,0,0,0,1,0,0,0,1,0,0,0,0,0
https://www.coursera.net/home,29,16,2,0,0,0,0,1,0,0,0,1,0,0,0,0,0
http://2oyyr2oz.com/linkedin/account?user=z9z76&token=mh8pu9jn01&redirect=n3p6eg,80,12,1,0,0,11,0,0,5,0,0,0,0,0,1,0,1
https://shop.stackoverflow.org/search?q=item,44,22,2,0,0,0,0,1,1,0,0,1,0,0,0,0,0
http://stackoverflowsignin.tk/signin.php,40,22,2,0,0,0,0,0,0,0,0,0,0,0,1,1,1
http://github.com@nc2dzdrh.country/update,41,16,2,0,0,1,0,0,0,1,0,0,0,0,1,1,1
https://en.spotify.edu/search?q=item,36,14,2,0,0,0,0,1,1,0,0,1,0,0,0,0,0
http://github-signin-hxef.73ggay.com/signin,43,29,2,2,0,2,0,1,0,0,0,0,0,0,1,0,0
http://stackoverflow-signin-6gsk.bojaxn.com/signin,50,36,2,2,0,1,0,1,0,0,0,0,0,0,1,0,1
http://flipkart.com@17uxhvdh.country/account,44,16,2,0,0,2,0,0,0,1,0,0,0,0,1,1,1
https://shop.reddit.edu/products,32,15,2,0,0,0,0,1,0,0,0,1,0,0,0,0,0
https://shop.leetcode.org/docs,30,17,2,0,0,0,0,1,0,0,0,1,0,0,0,0,0
http://xdtumw7h.com/reddit/secure?user=u3d35&token=13lm7e41of&redirect=v14j64,77,12,1,0,0,13,0,0,5,0,0,0,0,0,1,0,1
http://leetcodeupdate.review/update.php,39,21,2,0,0,0,0,0,0,0,0,0,0,0,1,1,1
http://8u595cek.com/coursera/login?user=of92y&token=8lz8cv2a6p&redirect=g4gks6,78,12,1,0,0,12,0,0,5,0,0,0,0,0,1,0,1
https://www.coursera.com/,25,16,2,0,0,0,0,1,0,0,0,1,0,0,0,0,0
https://www.reddit.io/products,30,13,2,0,0,0,0,1,0,0,0,1,0,0,0,0,0
http://q7geyv6n.com/flipkart/verify?user=h44o9&token=318eifbt7m&redirect=gbdvdi,79,12,1,0,0,9,0,0,5,0,0,0,0,0,1,0,1
http://212.91.78.182/chase-webscr/msx54r,40,13,3,1,0,12,0,2,0,0,1,0,0,0,1,0,1
http://netflixupdate.work/update.php,36,18,2,0,0,0,0,0,0,0,0,0,0,0,1,1,1
http://reddit.com@eykc2mng.cricket/webscr,41,16,2,0,0,1,0,0,0,1,0,0,0,0,1,1,1
https://www.apple.com,21,13,2,0,0,0,0,1,0,0,0,1,0,0,0,0,0
http://leetcode-account-oz7q.mjcent.com/account,47,32,2,2,0,1,0,1,0,0,0,0,0,1,1,0,1
http://chase.com@qj4vbisb.kim/confirm,37,12,2,0,0,1,0,0,0,1,0,0,0,0,1,1,1
http://githubwebscr.work/webscr.php,35,17,2,0,0,0,0,0,0,0,0,0,0,0,1,1,1
https://shop.irctc.io/home,26,13,2,0,0,0,0,1,0,0,0,1,0,0,0,0,0
http://8ualry3i.com/leetcode/confirm?user=gweys&token=u7errbszuj&redirect=b4hllq,80,12,1,0,0,4,0,0,5,0,0,0,0,0,1,0,1
http://apple.com@zww1un2k.gq/signin,35,11,2,0,0,2,0,0,0,1,0,0,0,0,1,1,1
https://shop.netflix.com/products,33,16,2,0,0,0,0,1,0,0,0,1,0,0,0,0,0
https://en.apple.edu/about,26,12,2,0,0,0,0,1,0,0,0,1,0,0,0,0,0
http://142.89.107.252/leetcode-confirm/5a7qna,45,14,3,1,0,13,0,2,0,0,1,0,0,0,1,0,0
http://nptel.com@5u04ripw.work/login,36,13,2,0,0,3,0,0,0,1,0,0,0,0,1,1,1
http://nptel-secure-j4e3.qabce2.com/secure,42,28,2,2,0,3,0,1,0,0,0,0,0,0,1,0,1
https://shop.spotify.com/user/profile,37,16,2,0,0,0,0,1,0,0,0,1,0,0,0,0,0
https://www.irctc.com/about,27,13,2,0,0,0,0,1,0,0,0,1,0,0,0,0,0
http://courseraverify.gq/verify.php,35,17,2,0,0,0,0,0,0,0,0,0,0,0,1,1,1
http://254.113.169.215/apple-confirm/pf0a5z,43,15,3,1,0,14,0,2,0,0,1,0,0,0,1,0,1
http://207.37.125.47/spotify-account/9lm86r,43,13,3,1,0,13,0,2,0,0,1,0,0,0,1,0,1
http://leetcodeverify.review/verify.php,39,21,2,0,0,0,0,0,0,0,0,0,0,0,1,1,1
https://en.apple.io/docs,24,11,2,0,0,0,0,1,0,0,0,1,0,0,0,0,0
http://140.100.184.113/reddit-login/rbzirj,42,15,3,1,0,12,0,2,0,0,1,0,0,0,1,0,1
http://netflix.com@g25pu9h9.country/signin,42,16,2,0,0,4,0,0,0,1,0,0,0,0,1,1,1
http://irctc.com@jjjx1alx.cricket/login,39,16,2,0,0,1,0,0,0,1,0,0,0,0,1,1,1
https://www.flipkart.edu,24,16,2,0,0,0,0,1,0,0,0,1,0,0,0,0,0
http://vv7finat.com/chase/update?user=jq37c&token=vxqe1il46l&redirect=mi1j1z,76,12,1,0,0,8,0,0,5,0,0,0,0,1,1,0,1
http://leetcode-login-nyfw.dc112h.com/login,43,30,2,2,0,3,0,1,0,0,0,0,0,0,1,0,1
https://en.microsoft.com/about,30,16,2,0,0,0,0,1,0,0,0,1,0,1,0,0,0
https://www.irctc.in/about,26,12,2,0,0,0,0,1,0,0,0,1,0,0,0,0,0
http://22.76.220.168/leetcode-login/7ei9nx,42,13,3,1,0,12,0,2,0,0,1,0,0,0,1,0,1
http://45.12.205.178/stackoverflow-signin/lbwtbv,48,13,3,1,0,10,0,2,0,0,1,0,0,0,1,0,1
http://83.177.145.154/paypal-secure/oay12t,42,14,3,1,0,13,0,2,0,0,1,0,0,0,1,0,1
https://en.apple.edu,20,12,2,0,0,0,0,1,0,0,0,1,0,0,0,0,0
http://reddit.com@owp7nl6d.science/update,41,16,2,0,0,2,0,0,0,1,0,0,0,0,1,1,1
https://www.stackoverflow.edu/products,38,21,2,0,0,0,0,1,0,0,0,1,0,0,0,0,0
https://www.github.io/products,30,13,2,0,0,0,0,1,0,0,0,1,0,0,0,0,0
https://netflix.net/,20,11,1,0,0,0,0,0,0,0,0,1,0,0,0,0,0
http://paypal-update-k5z9.rvkmcx.com/update,43,29,2,2,0,2,0,1,0,0,0,0,0,0,1,0,1
https://www.netflix.com/home,28,15,2,0,0,0,0,1,0,0,0,1,0,0,0,0,0
http://spotify-account-29il.9yq8oc.com/account,46,31,2,2,0,4,0,1,0,0,0,0,0,0,1,0,1
https://www.google.in/search?q=item,35,13,2,0,0,0,0,1,1,0,0,1,0,0,0,0,0
https://shop.wikipedia.com/products,35,18,2,0,0,0,0,1,0,0,0,1,0,0,0,0,0
http://bpavajim.com/paypal/signin?user=mnsto&token=uifjilxn32&redirect=nbzwbh,77,12,1,0,0,2,0,0,5,0,0,0,0,0,1,0,1
https://leetcode.in,19,11,1,0,0,0,0,0,0,0,0,1,0,0,0,0,0
http://nptel.com@ntz7pjsf.party/confirm,39,14,2,0,0,1,0,0,0,1,0,0,0,0,1,1,0
https://shop.leetcode.org/home,30,17,2,0,0,0,0,1,0,0,0,1,0,0,0,0,0
http://paypalwebscr.tk/webscr.php,33,15,2,0,0,0,0,0,0,0,0,0,0,0,1,1,1
https://en.linkedin.edu/search?q=item,37,15,2,0,0,0,0,1,1,0,0,1,0,0,0,0,0
https://en.flipkart.net/,24,15,2,0,0,0,0,1,0,0,0,1,0,0,0,0,0
https://en.leetcode.org/user/profile,36,15,2,0,0,0,0,1,0,0,0,1,0,0,0,0,0
https://shop.google.net/home,28,15,2,0,0,0,0,1,0,0,0,1,0,0,0,0,0
https://shop.reddit.in/home,27,14,2,0,0,0,0,1,0,0,0,1,0,0,0,0,0
http://linkedin.com@zooh3yrg.kim/update,39,12,2,0,0,1,0,0,0,1,0,0,0,0,1,1,1
https://www.stackoverflow.io/user/profile,41,20,2,0,0,0,0,1,0,0,0,1,0,0,0,0,0
https://shop.nptel.com/docs,27,14,2,0,0,0,0,1,0,0,0,1,0,0,0,0,0
http://coursera.com@7n4unffq.kim/confirm,40,12,2,0,0,2,0,0,0,1,0,0,0,0,1,1,1
https://microsoft.io/user/profile,33,12,1,0,0,0,0,0,0,0,0,1,0,0,0,0,0
http://yiukeuf5.com/spotify/login?user=c1gxs&token=kouzxnljrn&redirect=jcgwcd,77,12,1,0,0,2,0,0,5,0,0,0,0,0,1,0,1
http://nptelconfirm.kim/confirm.php,35,16,2,0,0,0,0,0,0,0,0,0,0,0,1,1,1
http://flipkart.com@55jsyxuf.zip/update,39,12,2,0,0,2,0,0,0,1,0,0,0,0,1,1,1
http://l3cho3xj.com/flipkart/signin?user=voegi&token=3qupxbfej2&redirect=xg48ra,79,12,1,0,0,6,0,0,5,0,0,0,0,0,1,0,1
http://amazonwebscr.tk/webscr.php,33,15,2,0,0,0,0,0,0,0,0,0,0,0,1,1,1
http://207.115.139.83/spotify-confirm/dw7v1q,44,14,3,1,0,13,0,2,0,0,1,0,0,0,1,0,1
https://shop.amazon.edu/,24,15,2,0,0,0,0,1,0,0,0,1,0,0,0,0,0
http://6k1wxyww.com/chase/update?user=stio1&token=k7f5oa31xy&redirect=duppgb,76,12,1,0,0,7,0,0,5,0,0,0,0,0,1,0,1
https://en.spotify.org/about,28,14,2,0,0,0,0,1,0,0,0,1,0,0,0,0,0
http://95.187.141.115/microsoft-verify/d7kfn8,45,14,3,1,0,13,0,2,0,0,1,0,0,0,1,0,1
https://en.paypal.edu/home,26,13,2,0,0,0,0,1,0,0,0,1,0,0,0,0,0
http://irctc-secure-vyfr.rloa8o.com/secure,42,28,2,2,0,1,0,1,0,0,0,0,0,0,1,0,1
https://leetcode.io/products,28,11,1,0,0,0,0,0,0,0,0,1,0,0,0,0,0
http://wikipediaupdate.party/update.php,39,21,2,0,0,0,0,0,0,0,0,0,0,0,1,1,1
https://shop.amazon.edu/docs,28,15,2,0,0,0,0,1,0,0,0,1,0,0,0,0,0
http://wikipediaverify.party/verify.php,39,21,2,0,0,0,0,0,0,0,0,0,0,0,1,1,1
https://www.nptel.net/user/profile,34,13,2,0,0,0,0,1,0,0,0,1,0,0,0,0,0
http://33.213.248.202/reddit-update/jjfupm,42,14,3,1,0,11,0,2,0,0,1,0,0,0,1,0,1
http://3q69flgu.com/netflix/verify?user=q2086&token=okwoalf4v1&redirect=txh376,78,12,1,0,0,12,0,0,5,0,0,0,0,0,1,0,1
https://reddit.io/about,23,9,1,0,0,0,0,0,0,0,0,1,0,0,0,0,0
https://shop.flipkart.com/docs,30,17,2,0,0,0,0,1,0,0,0,1,0,1,0,0,0
https://en.irctc.net/products,29,12,2,0,0,0,0,1,0,0,0,1,0,0,0,0,0
http://chase.com@gjq0aqk7.tk/login,34,11,2,0,0,2,0,0,0,1,0,0,0,0,1,1,1
https://flipkart.org/docs,25,12,1,0,0,0,0,0,0,0,0,1,0,0,0,0,0
http://microsoftverify.cricket/verify.php,41,23,2,0,0,0,0,0,0,0,0,0,0,0,1,1,1
https://coursera.edu/search?q=item,34,12,1,0,0,0,0,0,1,0,0,1,0,0,0,0,0
http://nptelsignin.country/signin.php,37,19,2,0,0,0,0,0,0,0,0,0,0,0,1,1,1
https://shop.github.org/home,28,15,2,0,0,0,0,1,0,0,0,1,0,0,0,0,0
https://chase.org/about,23,9,1,0,0,0,0,0,0,0,0,1,0,0,0,0,0
https://en.github.com/home,26,13,2,0,0,0,0,1,0,0,0,1,0,0,0,0,0
http://104.208.125.110/chase-login/r5sr5e,41,15,3,1,0,14,0,2,0,0,1,0,0,0,1,0,1
http://amazon.com@8nog85d4.country/verify,41,16,2,0,0,4,0,0,0,1,0,0,0,0,1,1,1
https://en.wikipedia.edu/user/profile,37,16,2,0,0,0,0,1,0,0,0,1,0,0,0,0,0
https://en.paypal.org/docs,26,13,2,0,0,0,0,1,0,0,0,1,0,0,0,0,0
http://jrumxqw3.com/flipkart/confirm?user=b4nth&token=zm32hzs32d&redirect=1jqbex,80,12,1,0,0,7,0,0,5,0,0,0,0,0,1,0,1
https://shop.microsoft.net/user/profile,39,18,2,0,0,0,0,1,0,0,0,1,0,0,0,0,0
https://en.google.edu/home,26,13,2,0,0,0,0,1,0,0,0,1,0,0,0,0,1
https://www.nptel.net/docs,26,13,2,0,0,0,0,1,0,0,0,1,0,0,0,0,0
https://www.chase.io/user/profile,33,12,2,0,0,0,0,1,0,0,0,1,0,0,0,0,0
http://0vtkrrvw.com/nptel/signin?user=y3rzt&token=plc6prr7mz&redirect=akgmih,76,12,1,0,0,4,0,0,5,0,0,0,0,0,1,0,1
https://amazon.in/user/profile,30,9,1,0,0,0,0,0,0,0,0,1,0,0,0,0,0
https://www.apple.in/user/profile,33,12,2,0,0,0,0,1,0,0,0,1,0,0,0,0,0
https://shop.microsoft.net,26,18,2,0,0,0,0,1,0,0,0,1,0,0,0,0,0
http://56.187.45.94/paypal-update/whp08d,40,12,3,1,0,11,0,2,0,0,1,0,0,0,1,0,1
https://en.microsoft.org/home,29,16,2,0,0,0,0,1,0,0,0,1,0,0,0,0,0
https://en.paypal.edu/docs,26,13,2,0,0,0,0,1,0,0,0,1,0,0,0,0,0
http://idg26hlm.com/google/webscr?user=b4lyb&token=edrv5ij3jl&redirect=9tdcc5,77,12,1,0,0,7,0,0,5,0,0,0,0,0,1,0,1
https://www.amazon.edu/,23,14,2,0,0,0,0,1,0,0,0,1,0,0,0,0,0
https://wikipedia.net/products,30,13,1,0,0,0,0,0,0,0,0,1,0,0,0,0,0
http://netflix.com@5wk3bneg.gq/account,38,11,2,0,0,2,0,0,0,1,0,0,0,0,1,1,1
http://google-verify-9ypc.45u269.com/verify,43,29,2,2,0,6,0,1,0,0,0,0,0,0,1,0,1
https://en.microsoft.edu/about,30,16,2,0,0,0,0,1,0,0,0,1,0,0,0,0,0
https://www.flipkart.com/products,33,16,2,0,0,0,0,1,0,0,0,1,0,1,0,0,0
http://nptel.com@7d7uwe77.gq/signin,35,11,2,0,0,4,0,0,0,1,0,0,0,0,1,1,1
https://en.stackoverflow.com/search?q=item,42,20,2,0,0,0,0,1,1,0,0,1,0,0,0,0,1
http://99.94.120.159/chase-login/bnxzu1,39,13,3,1,0,11,0,2,0,0,1,0,0,0,1,0,1
http://spotifysignin.zip/signin.php,35,17,2,0,0,0,0,0,0,0,0,0,0,0,1,1,1
http://19.122.21.109/amazon-account/yc3t13,42,13,3,1,0,13,0,2,0,0,1,0,0,0,1,0,1
http://irctcaccount.tk/account.php,34,15,2,0,0,0,0,0,0,0,0,0,0,0,1,1,1
https://www.flipkart.edu/products,33,16,2,0,0,0,0,1,0,0,0,1,0,0,0,0,0
https://www.amazon.org/user/profile,35,14,2,0,0,0,0,1,0,0,0,1,0,0,0,0,0
https://www.google.com,22,14,2,0,0,0,0,1,0,0,0,1,0,0,0,0,0
https://shop.flipkart.in/docs,29,16,2,0,0,0,0,1,0,0,0,1,0,0,0,0,0
https://en.flipkart.com/search?q=item,37,15,2,0,0,0,0,1,1,0,0,1,0,1,0,0,1
https://shop.paypal.edu/docs,28,15,2,0,0,0,0,1,0,0,0,1,0,0,0,0,0
https://en.github.org/search?q=item,35,13,2,0,0,0,0,1,1,0,0,1,0,0,0,0,0
http://courseraupdate.work/update.php,37,19,2,0,0,0,0,0,0,0,0,0,0,0,1,1,1
http://google.com@vezrad8e.cricket/update,41,16,2,0,0,1,0,0,0,1,0,0,0,0,1,1,1
http://118.106.182.226/flipkart-secure/tio4m7,45,15,3,1,0,14,0,2,0,0,1,0,0,0,1,0,1
http://r5sosc0w.com/linkedin/update?user=hs14e&token=ci9rtj6u5a&redirect=2x54u4,79,12,1,0,0,11,0,0,5,0,0,0,0,0,1,0,1
http://amazonaccount.gq/account.php,35,16,2,0,0,0,0,0,0,0,0,0,0,0,1,1,1
https://www.amazon.org/products,31,14,2,0,0,0,0,1,0,0,0,1,0,0,0,0,0
https://en.spotify.edu,22,14,2,0,0,0,0,1,0,0,0,1,0,0,0,0,0
http://zf6yxis8.com/leetcode/account?user=1hbud&token=u7xx9igd40&redirect=cm0tu2,80,12,1,0,0,9,0,0,5,0,0,0,0,0,1,0,0
http://ezfmhk40.com/leetcode/webscr?user=3uxh9&token=a1g7irdlk9&redirect=en7dlb,79,12,1,0,0,8,0,0,5,0,0,0,0,0,1,0,1
https://shop.netflix.net/docs,29,16,2,0,0,0,0,1,0,0,0,1,0,0,0,0,0
https://shop.leetcode.com/,26,17,2,0,0,0,0,1,0,0,0,1,0,0,0,0,0
http://tt9ka1dl.com/chase/secure?user=uclle&token=4a2g76rwr3&redirect=s18wk5,76,12,1,0,0,10,0,0,5,0,0,0,0,0,1,0,1
https://en.netflix.io/about,27,13,2,0,0,0,0,1,0,0,0,1,0,0,0,0,0
http://spotify.com@iu01lc5w.tk/login,36,11,2,0,0,3,0,0,0,1,0,0,0,0,1,1,1
http://nptelverify.work/verify.php,34,16,2,0,0,0,0,0,0,0,0,0,0,0,1,1,1
https://www.chase.net/search?q=item,35,13,2,0,0,0,0,1,1,0,0,1,0,0,0,0,0
https://linkedin.edu/home,25,12,1,0,0,0,0,0,0,0,0,1,0,0,0,0,0
https://shop.flipkart.io/docs,29,16,2,0,0,0,0,1,0,0,0,1,0,0,0,0,0
https://spotify.com/user/profile,32,11,1,0,0,0,0,0,0,0,0,1,0,0,0,0,0
https://flipkart.net/search?q=item,34,12,1,0,0,0,0,0,1,0,0,1,0,0,0,0,0
http://microsoft.com@w1yf0dww.work/secure,41,13,2,0,0,2,0,0,0,1,0,0,0,0,1,1,1
https://en.coursera.edu/docs,28,15,2,0,0,0,0,1,0,0,0,1,0,0,0,0,0
https://shop.stackoverflow.net/products,39,22,2,0,0,0,0,1,0,0,0,1,0,0,0,0,0
https://shop.stackoverflow.in/user/profile,42,21,2,0,0,0,0,1,0,0,0,1,0,0,0,0,0
https://www.chase.io/products,29,12,2,0,0,0,0,1,0,0,0,1,0,0,0,0,0
http://netflixsecure.country/secure.php,39,21,2,0,0,0,0,0,0,0,0,0,0,0,1,1,1
https://en.reddit.com/about,27,13,2,0,0,0,0,1,0,0,0,1,0,1,0,0,0
http://56.191.251.49/coursera-verify/ptfnm8,43,13,3,1,0,11,0,2,0,0,1,0,0,0,1,0,1
https://shop.wikipedia.edu/about,32,18,2,0,0,0,0,1,0,0,0,1,0,0,0,0,1
http://pp3suyqo.com/apple/secure?user=89lg7&token=v6tvquilte&redirect=mrqp94,76,12,1,0,0,7,0,0,5,0,0,0,0,0,1,0,1
https://en.google.org/search?q=item,35,13,2,0,0,0,0,1,1,0,0,1,0,0,0,0,0
http://googlesecure.review/secure.php,37,19,2,0,0,0,0,0,0,0,0,0,0,0,1,1,1
http://microsoft.com@0xdhj5sc.kim/secure,40,12,2,0,0,2,0,0,0,1,0,0,0,0,1,1,1
http://leetcodeverify.cricket/verify.php,40,22,2,0,0,0,0,0,0,0,0,0,0,0,1,1,1
https://microsoft.net/home,26,13,1,0,0,0,0,0,0,0,0,1,0,0,0,0,0
http://217.192.19.114/linkedin-verify/1v47lz,44,14,3,1,0,14,0,2,0,0,1,0,0,0,1,0,1
https://en.leetcode.com,23,15,2,0,0,0,0,1,0,0,0,1,0,0,0,0,0
https://paypal.edu/,19,10,1,0,0,0,0,0,0,0,0,1,0,0,0,0,0
http://courserawebscr.review/webscr.php,39,21,2,0,0,0,0,0,0,0,0,0,0,0,1,1,1
http://48.104.202.59/chase-confirm/zntgg5,41,13,3,1,0,11,0,2,0,0,1,0,0,0,1,0,1
http://githubverify.gq/verify.php,33,15,2,0,0,0,0,0,0,0,0,0,0,0,1,1,1
https://shop.linkedin.org/products,34,17,2,0,0,0,0,1,0,0,0,1,0,0,0,0,0
http://coursera.com@ggafdr3t.country/webscr,43,16,2,0,0,1,0,0,0,1,0,0,0,1,1,1,1
http://google-update-qhr1.33no3a.com/update,43,29,2,2,0,4,0,1,0,0,0,0,0,0,1,0,0
https://www.github.edu/docs,27,14,2,0,0,0,0,1,0,0,0,1,0,0,0,0,1
http://118.244.48.229/amazon-update/hlzruw,42,14,3,1,0,11,0,2,0,0,1,0,0,0,1,0,0
http://irctclogin.science/login.php,35,18,2,0,0,0,0,0,0,0,0,0,0,0,1,1,1
http://wikipediaupdate.tk/update.php,36,18,2,0,0,0,0,0,0,0,0,0,0,0,1,1,0
https://www.paypal.in/products,30,13,2,0,0,0,0,1,0,0,0,1,0,0,0,0,0
https://en.nptel.net/user/profile,33,12,2,0,0,0,0,1,0,0,0,1,0,0,0,0,0
https://en.paypal.net/home,26,13,2,0,0,0,0,1,0,0,0,1,0,0,0,0,0
https://en.stackoverflow.com/,29,20,2,0,0,0,0,1,0,0,0,1,0,0,0,0,0
http://google-update-jqcy.ypq7a4.com/update,43,29,2,2,0,2,0,1,0,0,0,0,0,0,1,0,1
http://8a4leo0e.com/reddit/login?user=u2ci4&token=eure5mipuy&redirect=ltdsek,76,12,1,0,0,6,0,0,5,0,0,0,0,0,1,0,1
https://www.reddit.org/products,31,14,2,0,0,0,0,1,0,0,0,1,0,0,0,0,0
https://www.stackoverflow.in/home,33,20,2,0,0,0,0,1,0,0,0,1,0,0,0,0,0
https://en.github.io,20,12,2,0,0,0,0,1,0,0,0,1,0,0,0,0,0
http://229.123.11.121/github-login/3odf76,41,14,3,1,0,14,0,2,0,0,1,0,0,0,1,0,1
https://shop.coursera.in,24,16,2,0,0,0,0,1,0,0,0,1,0,0,0,0,0
http://microsoftsecure.country/secure.php,41,23,2,0,0,0,0,0,0,0,0,0,0,0,1,1,1
https://leetcode.org/,21,12,1,0,0,0,0,0,0,0,0,1,0,0,0,0,0
https://shop.irctc.org/search?q=item,36,14,2,0,0,0,0,1,1,0,0,1,0,0,0,0,0
http://stackoverflow-verify-1kdk.2ywfma.com/verify,50,36,2,2,0,2,0,1,0,0,0,0,0,0,1,0,1
https://www.chase.in/home,25,12,2,0,0,0,0,1,0,0,0,1,0,0,0,0,0
http://chase.com@tnxhn5e0.review/account,40,15,2,0,0,2,0,0,0,1,0,0,0,0,1,1,0
http://247.140.33.25/chase-signin/iqetk5,40,13,3,1,0,11,0,2,0,0,1,0,0,0,1,0,1
https://shop.leetcode.edu/docs,30,17,2,0,0,0,0,1,0,0,0,1,0,0,0,0,0
http://apple-secure-vrsc.bz95zn.com/secure,42,28,2,2,0,2,0,1,0,0,0,0,0,0,1,0,1
https://www.paypal.com/products,31,14,2,0,0,0,0,1,0,0,0,1,0,0,0,0,0
https://shop.irctc.com,22,14,2,0,0,0,0,1,0,0,0,1,0,0,0,0,0
http://github-update-10ky.hvkqxi.com/update,43,29,2,2,0,2,0,1,0,0,0,0,0,0,1,0,1
https://reddit.net/search?q=item,32,10,1,0,0,0,0,0,1,0,0,1,0,0,0,0,0
http://4oesrsbz.com/amazon/account?user=b7tlo&token=m539iy87hl&redirect=cwbpa2,78,12,1,0,0,8,0,0,5,0,0,0,0,0,1,0,1
https://shop.netflix.in/,24,15,2,0,0,0,0,1,0,0,0,1,0,0,0,0,0
https://shop.apple.io/about,27,13,2,0,0,0,0,1,0,0,0,1,0,0,0,0,0
http://amazon-webscr-117j.w386a6.com/webscr,43,29,2,2,0,7,0,1,0,0,0,0,0,0,1,0,1
http://183.13.1.36/flipkart-webscr/puolxp,41,11,3,1,0,8,0,2,0,0,1,0,0,0,1,0,1
https://www.reddit.net/docs,27,14,2,0,0,0,0,1,0,0,0,1,0,0,0,0,0
https://en.apple.io/user/profile,32,11,2,0,0,0,0,1,0,0,0,1,0,0,0,0,0
https://www.wikipedia.edu/home,30,17,2,0,0,0,0,1,0,0,0,1,0,0,0,0,0
https://shop.reddit.edu,23,15,2,0,0,0,0,1,0,0,0,1,0,0,0,0,0
http://github.com@v1l1vj35.party/secure,39,14,2,0,0,4,0,0,0,1,0,0,0,0,1,1,1
http://93.178.73.123/google-webscr/yp1m2v,41,13,3,1,0,12,0,2,0,0,1,0,0,0,1,0,1
https://stackoverflow.org/products,34,17,1,0,0,0,0,0,0,0,0,1,0,0,0,0,0
http://255.82.148.33/spotify-verify/pnhzx9,42,13,3,1,0,11,0,2,0,0,1,0,0,0,1,0,1
https://en.spotify.net/search?q=item,36,14,2,0,0,0,0,1,1,0,0,1,0,0,0,0,0
http://appleconfirm.kim/confirm.php,35,16,2,0,0,0,0,0,0,0,0,0,0,0,1,1,1
https://shop.linkedin.net/products,34,17,2,0,0,0,0,1,0,0,0,1,0,0,0,0,0
https://www.apple.net/,22,13,2,0,0,0,0,1,0,0,0,1,0,0,0,0,0
https://reddit.edu,18,10,1,0,0,0,0,0,0,0,0,1,0,0,0,0,0
https://linkedin.in,19,11,1,0,0,0,0,0,0,0,0,1,0,0,0,0,0
https://www.irctc.net/home,26,13,2,0,0,0,0,1,0,0,0,1,0,0,0,0,0
https://shop.stackoverflow.net/user/profile,43,22,2,0,0,0,0,1,0,0,0,1,0,0,0,0,0
http://g8q3gcg1.com/microsoft/update?user=j6oww&token=5fknjmvryd&redirect=c1au9d,80,12,1,0,0,7,0,0,5,0,0,0,0,0,1,0,1
https://shop.paypal.in/user/profile,35,14,2,0,0,0,0,1,0,0,0,1,0,0,0,0,0
https://www.irctc.in/docs,25,12,2,0,0,0,0,1,0,0,0,1,0,0,0,0,0
https://en.google.net/products,30,13,2,0,0,0,0,1,0,0,0,1,0,0,0,0,0
http://95.206.152.110/wikipedia-account/gqcqny,46,14,3,1,0,11,0,2,0,0,1,0,0,0,1,0,1
http://n6yjmk3t.com/github/webscr?user=gmalw&token=vmb0idd0wp&redirect=j8yi34,77,12,1,0,0,7,0,0,5,0,0,0,0,1,1,0,1
http://chaseupdate.cricket/update.php,37,19,2,0,0,0,0,0,0,0,0,0,0,0,1,1,0
http://netflix.com@ifwr0ui1.cricket/webscr,42,16,2,0,0,2,0,0,0,1,0,0,0,0,1,1,1
http://65.241.140.53/github-verify/r0m6hz,41,13,3,1,0,12,0,2,0,0,1,0,0,0,1,0,1
http://linkedin.com@mpb4dpge.tk/webscr,38,11,2,0,0,1,0,0,0,1,0,0,0,0,1,1,1
https://en.irctc.io/home,24,11,2,0,0,0,0,1,0,0,0,1,0,0,0,0,0
https://en.microsoft.net/home,29,16,2,0,0,0,0,1,0,0,0,1,0,0,0,0,0
https://flipkart.com/search?q=item,34,12,1,0,0,0,0,0,1,0,0,1,0,1,0,0,0
https://shop.reddit.edu/home,28,15,2,0,0,0,0,1,0,0,0,1,0,0,0,0,0
https://www.microsoft.net/,26,17,2,0,0,0,0,1,0,0,0,1,0,0,0,0,0
https://apple.in,16,8,1,0,0,0,0,0,0,0,0,1,0,0,0,0,0
http://flipkart.com@91wg3hjs.work/account,41,13,2,0,0,3,0,0,0,1,0,0,0,0,1,1,1
https://flipkart.in/docs,24,11,1,0,0,0,0,0,0,0,0,1,0,0,0,0,0
https://en.microsoft.org/user/profile,37,16,2,0,0,0,0,1,0,0,0,1,0,0,0,0,0
http://paypal.com@sss7kn18.zip/login,36,12,2,0,0,3,0,0,0,1,0,0,0,0,1,1,1
http://paypal.com@er7u8h0i.science/update,41,16,2,0,0,3,0,0,0,1,0,0,0,0,1,1,1
http://microsoftwebscr.tk/webscr.php,36,18,2,0,0,0,0,0,0,0,0,0,0,0,1,1,1
https://shop.github.com/products,32,15,2,0,0,0,0,1,0,0,0,1,0,0,0,0,0
http://irctcupdate.country/update.php,37,19,2,0,0,0,0,0,0,0,0,0,0,0,1,1,1
https://shop.flipkart.net/products,34,17,2,0,0,0,0,1,0,0,0,1,0,0,0,0,0
https://en.github.in/search?q=item,34,12,2,0,0,0,0,1,1,0,0,1,0,0,0,0,0
https://reddit.io,17,9,1,0,0,0,0,0,0,0,0,1,0,0,0,0,0
https://github.io/about,23,9,1,0,0,0,0,0,0,0,0,1,0,0,0,0,1
https://en.paypal.org/search?q=item,35,13,2,0,0,0,0,1,1,0,0,1,0,0,0,0,0
http://lx3f2xhd.com/wikipedia/webscr?user=cv4bk&token=tcv1ltwbj9&redirect=uu2bl7,80,12,1,0,0,7,0,0,5,0,0,0,0,0,1,0,0
http://irctc.com@1k16y0up.gq/confirm,36,11,2,0,0,4,0,0,0,1,0,0,0,0,1,1,1
http://143.16.14.86/linkedin-verify/7qmvy2,42,12,3,1,0,11,0,2,0,0,1,0,0,0,1,0,1
https://nptel.net/user/profile,30,9,1,0,0,0,0,0,0,0,0,1,0,0,0,0,0
http://apple.com@37rupl5h.kim/verify,36,12,2,0,0,3,0,0,0,1,0,0,0,0,1,1,1
http://231.254.54.186/linkedin-login/pphpm0,43,14,3,1,0,12,0,2,0,0,1,0,0,0,1,0,1
http://spotify-verify-8k9v.ak1vpa.com/verify,44,30,2,2,0,3,0,1,0,0,0,0,0,0,1,0,1
https://www.flipkart.io/home,28,15,2,0,0,0,0,1,0,0,0,1,0,0,0,0,0
https://en.chase.io/home,24,11,2,0,0,0,0,1,0,0,0,1,0,0,0,0,0
https://shop.google.com/home,28,15,2,0,0,0,0,1,0,0,0,1,0,0,0,0,0
https://www.chase.edu/about,27,13,2,0,0,0,0,1,0,0,0,1,0,0,0,0,0
https://shop.spotify.org/home,29,16,2,0,0,0,0,1,0,0,0,1,0,0,0,0,0
https://www.stackoverflow.io/search?q=item,42,20,2,0,0,0,0,1,1,0,0,1,0,0,0,0,0
http://apple-webscr-aysv.6o9e9n.com/webscr,42,28,2,2,0,3,0,1,0,0,0,0,0,0,1,0,1
http://t05qxs2u.com/stackoverflow/webscr?user=4oj7g&token=4ebc94e6nk&redirect=ar1h11,84,12,1,0,0,12,0,0,5,0,0,0,0,0,1,0,1
https://shop.reddit.org/docs,28,15,2,0,0,0,0,1,0,0,0,1,0,0,0,0,0
https://www.linkedin.com/,25,16,2,0,0,0,0,1,0,0,0,1,0,0,0,0,0
http://apple-signin-gevo.kqy9fl.com/signin,42,28,2,2,0,1,0,1,0,0,0,0,0,0,1,0,1
http://spotifyconfirm.tk/confirm.php,36,17,2,0,0,0,0,0,0,0,0,0,0,0,1,1,1
https://www.reddit.net/home,27,14,2,0,0,0,0,1,0,0,0,1,0,0,0,0,0
http://wikipedia-confirm-zuxs.f3l2n8.com/confirm,48,33,2,2,0,3,0,1,0,0,0,0,0,0,1,0,1
http://irctc-confirm-erp3.lyex3s.com/confirm,44,29,2,2,0,2,0,1,0,0,0,0,0,0,1,0,1
http://google-account-c39b.mth2i5.com/account,45,30,2,2,0,4,0,1,0,0,0,0,0,0,1,0,1
http://reddit-update-cxgf.8gc0s6.com/update,43,29,2,2,0,3,0,1,0,0,0,0,0,0,1,0,1
http://github.com@9idyrex9.zip/login,36,12,2,0,0,2,0,0,0,1,0,0,0,0,1,1,1
https://shop.coursera.com/,26,17,2,0,0,0,0,1,0,0,0,1,0,0,0,0,0
http://github-signin-nd7g.0l3rtz.com/signin,43,29,2,2,0,3,0,1,0,0,0,0,0,0,1,0,1
https://www.coursera.org,24,16,2,0,0,0,0,1,0,0,0,1,0,0,0,0,0
https://en.irctc.net/home,25,12,2,0,0,0,0,1,0,0,0,1,0,0,0,0,0
https://www.microsoft.org,25,17,2,0,0,0,0,1,0,0,0,1,0,0,0,0,0
http://5dsiuaz7.com/leetcode/update?user=1uf09&token=uyg3ibg3hk&redirect=cqwb00,79,12,1,0,0,9,0,0,5,0,0,0,0,0,1,0,1
https://en.flipkart.org/home,28,15,2,0,0,0,0,1,0,0,0,1,0,0,0,0,0
https://en.coursera.net,23,15,2,0,0,0,0,1,0,0,0,1,0,0,0,0,0
http://linkedin-login-vo6y.vpdkfe.com/login,43,30,2,2,0,1,0,1,0,0,0,0,0,0,1,0,1
http://paypal.com@otv7h10b.tk/confirm,37,11,2,0,0,3,0,0,0,1,0,0,0,0,1,1,1
https://en.reddit.edu,21,13,2,0,0,0,0,1,0,0,0,1,0,0,0,0,1
https://coursera.edu/about,26,12,1,0,0,0,0,0,0,0,0,1,0,0,0,0,0
https://www.github.com/docs,27,14,2,0,0,0,0,1,0,0,0,1,0,0,0,0,0
http://yaua8d72.com/amazon/signin?user=04j3m&token=9iqbq9j2h1&redirect=tlom34,77,12,1,0,0,12,0,0,5,0,0,0,0,0,1,0,1
http://microsoftaccount.country/account.php,43,24,2,0,0,0,0,0,0,0,0,0,0,1,1,1,1
http://irctc-webscr-vwas.1udjoa.com/webscr,42,28,2,2,0,1,0,1,0,0,0,0,0,0,1,0,1
https://shop.linkedin.in/about,30,16,2,0,0,0,0,1,0,0,0,1,0,0,0,0,0
http://flipkart-webscr-tg15.xd82ij.com/webscr,45,31,2,2,0,4,0,1,0,0,0,0,0,0,1,0,1
http://w3lcz6ei.com/spotify/update?user=mb9gm&token=53fpy63mys&redirect=rttymm,78,12,1,0,0,7,0,0,5,0,0,0,0,0,1,0,1
http://172.182.157.127/wikipedia-verify/1tcfi4,46,15,3,1,0,14,0,2,0,0,1,0,0,0,1,0,1
https://spotify.com/about,25,11,1,0,0,0,0,0,0,0,0,1,0,0,0,0,0
http://73.86.5.105/reddit-webscr/v8c3pq,39,11,3,1,0,10,0,2,0,0,1,0,0,0,1,0,1
https://en.linkedin.net/home,28,15,2,0,0,0,0,1,0,0,0,1,0,0,0,0,0
https://stackoverflow.io/user/profile,37,16,1,0,0,0,0,0,0,0,0,1,0,0,0,0,0
https://spotify.com/search?q=item,33,11,1,0,0,0,0,0,1,0,0,1,0,0,0,0,0
http://wikipedia-verify-54ai.2278eq.com/verify,46,32,2,2,0,6,0,1,0,0,0,0,0,0,1,0,1
https://en.google.in/about,26,12,2,0,0,0,0,1,0,0,0,1,0,0,0,0,0
http://xnomb42o.com/flipkart/update?user=3q825&token=q30zx815g5&redirect=fjd5mb,79,12,1,0,0,13,0,0,5,0,0,0,0,0,1,0,1
